features,model,scheme,QWK mean,macro F1 mean,accuracy mean,QWK sd,macro F1 sd,accuracy sd,seconds
all 11 features,random forest,naive k-fold,0.2775737810014881,0.30113341388949194,0.3421138495601002,0.0028159156474552812,0.0023848438948247193,0.0024877599376492473,37.116573095321655
all 11 features,random forest,outlet-grouped,0.2410180992583034,0.24716128184575645,0.2883470255782789,0.004977447844681768,0.0028066134989332544,0.0036582359866609263,36.903645277023315
all 11 features,random forest,OOB (article bootstrap),0.27992417918884627,0.3008375250190153,0.3397308162908582,,,,
all 11 features,boosting,naive k-fold,0.2682518928545141,0.2936415361716876,0.32214647788848105,0.0023948538575686118,0.0013017114426829685,0.0009527509229093822,51.86024308204651
all 11 features,boosting,outlet-grouped,0.2281318907214517,0.24284872442895578,0.2711938472295053,0.003260569462617134,0.0006030339623781886,0.001016066535873724,52.176228046417236
without fingerprints,random forest,naive k-fold,0.22962615888773705,0.2724304813847051,0.311157723008798,0.0015579369942421166,0.0010415934387496934,0.0010928974270412617,43.45510697364807
without fingerprints,random forest,outlet-grouped,0.19612728564229268,0.23436964807389504,0.27358270698595816,0.004146668454386623,0.0027749397198325297,0.0032242066135037286,44.44225287437439
without fingerprints,random forest,OOB (article bootstrap),0.22639961995785063,0.2704080604566848,0.30865233350812793,,,,
without fingerprints,boosting,naive k-fold,0.2157783824921465,0.265650711023579,0.2935559051447882,0.0010714814567353694,0.0005724864854300658,0.00034710414283298523,53.98447918891907
without fingerprints,boosting,outlet-grouped,0.18218546228731222,0.23045286304225399,0.2582823515702383,0.0032941447930888894,0.00317853744028451,0.003943752891734941,49.4454448223114
bias only (benchmark),random forest,naive k-fold,0.7726373288181666,0.4037494706245788,0.45958748470547106,0.0,0.0,0.0,4.240725994110107
bias only (benchmark),random forest,outlet-grouped,0.7274711362259768,0.389791059921943,0.44403076385247336,0.04524329439638436,0.010099529232313595,0.013981919584560272,4.550472974777222
bias only (benchmark),random forest,OOB (article bootstrap),0.7726373288181666,0.4037494706245788,0.45958748470547106,,,,
bias only (benchmark),boosting,naive k-fold,0.7726373288181666,0.4037494706245788,0.45958748470547106,0.0,0.0,0.0,17.45465898513794
bias only (benchmark),boosting,outlet-grouped,0.7274711362259768,0.389791059921943,0.44403076385247336,0.04524329439638436,0.010099529232313595,0.013981919584560272,17.844153881072998
