repeat,features,model,article QWK,article accuracy,article macro F1,outlet QWK,outlet accuracy,outlet macro F1,seconds
0,text only,ordinal logit,0.2295300330908706,0.3492571228806153,0.2211977682444454,0.4503231192158782,0.3981042654028436,0.22596961394245688,9.964370012283325
0,text only,random forest,0.23942112601743915,0.32613179514070967,0.253784009655999,0.5208392825575545,0.46445497630331756,0.305999892437976,1422.8852961063385
0,text only,boosting,0.22978792280291138,0.2592728543960846,0.2386130751350989,0.5266090359075781,0.3981042654028436,0.33835592643260903,1014.3524339199066
0,bias only,ordinal logit,0.6657304832522455,0.5491872050340849,0.36622567439948506,0.6791521847070506,0.5545023696682464,0.37081279498832326,4.930911064147949
0,bias only,random forest,0.7496302520540421,0.4078307988113966,0.3565394281708182,0.7579941031291847,0.4218009478672986,0.3692032343496339,131.0184121131897
0,bias only,boosting,0.7496302520540421,0.4078307988113966,0.3565394281708182,0.7579941031291847,0.4218009478672986,0.3692032343496339,3282.401748895645
0,text + bias,ordinal logit,0.6956415808567711,0.564062226883412,0.3819927354775838,0.6857000993048659,0.5592417061611374,0.3741741395261384,22.65252709388733
0,text + bias,random forest,0.718129313029336,0.4782730291907009,0.39358277108156925,0.7536670471221262,0.4928909952606635,0.3942164414207072,1523.7936491966248
0,text + bias,boosting,0.7200416885198686,0.4542912078307988,0.3921534174419341,0.7370302763265564,0.4549763033175355,0.3943167648290988,1370.345500946045
1,text only,ordinal logit,0.23087523647602926,0.3468624366369516,0.2192521485292272,0.49992051678540983,0.41706161137440756,0.23191052553360225,12.716346025466919
1,text only,random forest,0.2308997743163036,0.3095437860513896,0.24652566914206986,0.5272953021039988,0.45023696682464454,0.30030727167833043,1640.9892799854279
1,text only,boosting,0.2242866875964158,0.25215871351162383,0.23118025794744046,0.5435142673709086,0.4028436018957346,0.33960231330285495,905.9972178936005
1,bias only,ordinal logit,0.6566624611810012,0.5466002447124628,0.36606132749562376,0.674778675382816,0.5545023696682464,0.3720242914979758,4.993818998336792
1,bias only,random forest,0.7091126720530416,0.4258870826778535,0.3837907525455734,0.7202111707335208,0.43601895734597157,0.3934020061384828,131.9304449558258
1,bias only,boosting,0.7091126720530416,0.4258870826778535,0.3837907525455734,0.7202111707335208,0.43601895734597157,0.3934020061384828,3656.3574392795563
1,text + bias,ordinal logit,0.6820512178129375,0.55402901590631,0.3758855659330382,0.6844103547459253,0.5592417061611374,0.37455408716405786,24.603529930114746
1,text + bias,random forest,0.7078768984395714,0.4811047019751792,0.3964251879427605,0.7124672665959144,0.4928909952606635,0.38532508029062934,1499.2761368751526
1,text + bias,boosting,0.7136811686374926,0.46019926586261145,0.4023025628841694,0.7421952922401756,0.4834123222748815,0.42445227553386944,1392.8130159378052
2,text only,ordinal logit,0.23118425348700655,0.34955427372836917,0.2211157765976,0.4871037233268317,0.41706161137440756,0.24134199134199133,13.159035921096802
2,text only,random forest,0.24249944253245437,0.32062576472644644,0.24645200228407874,0.5704339092550116,0.4786729857819905,0.315740890950975,1635.7692091464996
2,text only,boosting,0.23717402023376544,0.2509875895822409,0.23137401772701952,0.5850529688831254,0.3696682464454976,0.31940081331808357,883.8804621696472
2,bias only,ordinal logit,0.6610206450159856,0.5703548330711414,0.3785597124799248,0.6703448484070857,0.5734597156398105,0.3815473415473416,4.5481648445129395
2,bias only,random forest,0.6718325456084999,0.4503233700402028,0.38883486698802194,0.6781849018387691,0.46445497630331756,0.4021773566934857,133.66346907615662
2,bias only,boosting,0.6646437643572811,0.4564936199965041,0.3902388474942563,0.6709186584670006,0.46919431279620855,0.40226934432150624,4231.360903263092
2,text + bias,ordinal logit,0.6977757186664091,0.5705296276874672,0.3852315050795564,0.7265119875084326,0.5876777251184834,0.3907588507877665,22.116842031478882
2,text + bias,random forest,0.7092095845055189,0.49767523160286664,0.38688614603758126,0.7229134974190947,0.5071090047393365,0.3663287207046507,1486.3194768428802
2,text + bias,boosting,0.7088518458398783,0.4601468274777137,0.3866595678334378,0.7315062769452834,0.46919431279620855,0.37146874659069784,1450.559201002121
3,text only,ordinal logit,0.2285534956840728,0.3476140534871526,0.21989379117192026,0.5150416262321875,0.4265402843601896,0.23755253872594156,12.694958209991455
3,text only,random forest,0.24294693333056294,0.32261842335256075,0.2540131122050845,0.605025178623217,0.5118483412322274,0.360175820098109,1625.6368608474731
3,text only,boosting,0.2256521304813991,0.2607236497115889,0.24004165415966622,0.588480344760905,0.44075829383886256,0.3794542196155099,994.786777973175
3,bias only,ordinal logit,0.6593676363297005,0.5681699003670687,0.3779428985543735,0.672020725388601,0.5734597156398105,0.38204849498327753,4.533831834793091
3,bias only,random forest,0.758280178307677,0.4578395385422129,0.40672767792844733,0.7660893635947239,0.46919431279620855,0.41586045631268875,130.3590772151947
3,bias only,boosting,0.758280178307677,0.4578395385422129,0.40672767792844733,0.7660893635947239,0.46919431279620855,0.41586045631268875,2241.1572139263153
3,text + bias,ordinal logit,0.7045270117462428,0.5761405348715259,0.3887380772926628,0.7172774080876818,0.5829383886255924,0.3884562945008332,22.26222825050354
3,text + bias,random forest,0.7151708901063715,0.5195245586435938,0.40658270192447843,0.7266786004882018,0.5450236966824644,0.39632534973998385,1483.0717208385468
3,text + bias,boosting,0.7263487119585593,0.4599720328613879,0.3919559274060883,0.7481387593369676,0.4597156398104265,0.38384164515300884,1049.295243024826
4,text only,ordinal logit,0.23296672211159186,0.3490823282642895,0.2210974420897546,0.533462433342486,0.4218009478672986,0.23895963837753875,13.373518943786621
4,text only,random forest,0.23732068115140237,0.32684845306764554,0.2564805012427068,0.5921539801807688,0.5071090047393365,0.3361281427412814,1608.392482995987
4,text only,boosting,0.22741402411573564,0.25750742877119387,0.23792367627963285,0.5743948742287612,0.4028436018957346,0.34922911261567346,810.7861030101776
4,bias only,ordinal logit,0.6389096133493506,0.5550253452193672,0.36927581270770554,0.651234404836482,0.5592417061611374,0.3727738927738928,4.398004055023193
4,bias only,random forest,0.7464536644460065,0.4295053312357979,0.3648447483108111,0.7570368474923235,0.44549763033175355,0.3786501462877475,123.8999228477478
4,bias only,boosting,0.7464536644460065,0.4295053312357979,0.3648447483108111,0.7570368474923235,0.44549763033175355,0.3786501462877475,3185.0694439411163
4,text + bias,ordinal logit,0.6881504368262726,0.5667715434364622,0.3839995455460648,0.6916723066510798,0.5687203791469194,0.3809062630892974,21.702927827835083
4,text + bias,random forest,0.7234300467951444,0.5299423177766125,0.40495802647988716,0.7440691173979332,0.5687203791469194,0.40633069063609895,6187.48836183548
4,text + bias,boosting,0.7243471832288583,0.46598496766299596,0.3978605690902013,0.7502008918986891,0.46919431279620855,0.39311624010257606,512.2923038005829
