comparison,level,metric,estimate,ci_lo,ci_hi
text only | ordinal logit,article,QWK,0.23062194816991424,0.18338549120539016,0.2725459520485847
text only | ordinal logit,article,accuracy,0.3484740429994756,0.31440823522615824,0.3841737494062586
text only | ordinal logit,article,macro F1,0.2205113853265895,0.20443828202948838,0.23521851269112298
text only | random forest,article,QWK,0.23861759146963246,0.1953476385356486,0.2786952928684091
text only | random forest,article,accuracy,0.3211536444677504,0.29667173906831207,0.3467284388766801
text only | random forest,article,macro F1,0.2514510589059878,0.2362626252538206,0.2644264866147094
text only | boosting,article,QWK,0.22886295704604548,0.1815343156682688,0.2722452725518411
text only | boosting,article,accuracy,0.25613004719454635,0.2390555661376824,0.2745728859095717
text only | boosting,article,macro F1,0.23582653624977157,0.21958603935128607,0.2501567900721553
bias only | ordinal logit,article,QWK,0.6563381678256567,0.5691806552708025,0.7327162237126841
bias only | ordinal logit,article,accuracy,0.5578675056808249,0.4900293528644082,0.6236995803878759
bias only | ordinal logit,article,macro F1,0.3716130851274226,0.3273655736625281,0.4087224151977557
bias only | random forest,article,QWK,0.7270618624938534,0.6634963969198886,0.783209617402962
bias only | random forest,article,accuracy,0.43427722426149273,0.3719205495715443,0.49700998909458355
bias only | random forest,article,macro F1,0.3801474947887344,0.32447615840660904,0.4341913435868213
bias only | boosting,article,QWK,0.7256241062436096,0.6612378984069643,0.78214198848407
bias only | boosting,article,accuracy,0.43551127425275304,0.3737828980307685,0.4974818269844843
bias only | boosting,article,macro F1,0.38042829088998126,0.3240576225569939,0.43302359108896576
text + bias | ordinal logit,article,QWK,0.6936291931817267,0.6237766938421798,0.7557099221081449
text + bias | ordinal logit,article,accuracy,0.5663065897570354,0.5025694406567902,0.6281860663112894
text + bias | ordinal logit,article,macro F1,0.38316948586578115,0.3432765981649328,0.4180894963135499
text + bias | random forest,article,QWK,0.7147633465751884,0.6524989133057446,0.7674229419934863
text + bias | random forest,article,accuracy,0.5013039678377906,0.44903031679724825,0.5525025799320281
text + bias | random forest,article,macro F1,0.3976869666932553,0.36006359805702853,0.43107320650860875
text + bias | boosting,article,QWK,0.7186541196369315,0.6566988863443567,0.769854021561461
text + bias | boosting,article,accuracy,0.4601188603391016,0.40784821621257783,0.5107228471449758
text + bias | boosting,article,macro F1,0.3941864089311662,0.3523057444063093,0.43222943555125454
text only | ordinal logit,outlet,QWK,0.4971702837805586,0.41467761222096006,0.5731062447291912
text only | ordinal logit,outlet,accuracy,0.4161137440758294,0.35450236966824644,0.4815165876777251
text only | ordinal logit,outlet,macro F1,0.23514686158430614,0.20023908141602395,0.27082285731233013
text only | random forest,outlet,QWK,0.5631495305441101,0.4745370782075186,0.637359186312852
text only | random forest,outlet,accuracy,0.48246445497630325,0.4208530805687204,0.5459715639810427
text only | random forest,outlet,macro F1,0.32367040358133436,0.28466771895802645,0.3617357633040458
text only | boosting,outlet,QWK,0.5636102982302557,0.4705856011385003,0.6466241824671485
text only | boosting,outlet,accuracy,0.4028436018957346,0.34218009478672984,0.46350710900473935
text only | boosting,outlet,macro F1,0.3452084770569462,0.2887091309857741,0.3954741385443941
bias only | ordinal logit,outlet,QWK,0.669506167744407,0.5861851305350885,0.7425525820390568
bias only | ordinal logit,outlet,accuracy,0.5630331753554503,0.49381516587677726,0.6274881516587678
bias only | ordinal logit,outlet,macro F1,0.3758413631581622,0.3322259795869551,0.412238402148894
bias only | random forest,outlet,QWK,0.7359032773577046,0.6744073606217065,0.7896311782135909
bias only | random forest,outlet,accuracy,0.44739336492891,0.38672985781990515,0.5090284360189572
bias only | random forest,outlet,macro F1,0.39185863995640774,0.33704013634979585,0.44517312372582696
bias only | boosting,outlet,QWK,0.7344500286833509,0.6718047698731834,0.7877373720269178
bias only | boosting,outlet,accuracy,0.4483412322274882,0.3876777251184834,0.5090284360189572
bias only | boosting,outlet,macro F1,0.39187703748201186,0.33699789885223763,0.4446050307697035
text + bias | ordinal logit,outlet,QWK,0.7011144312595972,0.6308454302390424,0.7641289267686255
text + bias | ordinal logit,outlet,accuracy,0.571563981042654,0.504265402843602,0.6350710900473934
text + bias | ordinal logit,outlet,macro F1,0.38176992701361867,0.3399021787142212,0.4174393678955793
text + bias | random forest,outlet,QWK,0.7319591058046542,0.6649853966056724,0.7874658423528476
text + bias | random forest,outlet,accuracy,0.5213270142180095,0.45876777251184836,0.5819905213270142
text + bias | random forest,outlet,macro F1,0.389705256558414,0.34395686366978545,0.4327412131905594
text + bias | boosting,outlet,QWK,0.7418142993495344,0.6787298641598549,0.7922703931113848
text + bias | boosting,outlet,accuracy,0.4672985781990521,0.4056872037914692,0.5279620853080569
text + bias | boosting,outlet,macro F1,0.3934391344418502,0.3391361762818087,0.4454852267957482
text+bias - bias | ordinal logit,outlet,QWK,0.031608263515190194,0.006141600153945992,0.06522324314899704
text+bias - bias | ordinal logit,outlet,accuracy,0.008530805687203769,0.0009478672985782088,0.01800947867298564
text+bias - bias | ordinal logit,outlet,macro F1,0.005928563855456481,0.001014789854000346,0.011916056327878998
text+bias - bias | random forest,outlet,QWK,-0.00394417155305038,-0.03346870835692584,0.03000067802886357
text+bias - bias | random forest,outlet,accuracy,0.07393364928909951,0.02559241706161136,0.1251184834123223
text+bias - bias | random forest,outlet,macro F1,-0.0021533833979937578,-0.04855996077971944,0.04724858908997567
text+bias - bias | boosting,outlet,QWK,0.007364270666183503,-0.019365833498433953,0.037294956586088154
text+bias - bias | boosting,outlet,accuracy,0.0189573459715639,-0.014218009478673022,0.053080568720379195
text+bias - bias | boosting,outlet,macro F1,0.0015620969598383327,-0.039709406177056934,0.038964143270317095
text: random forest - ordinal logit,outlet,QWK,0.06597924676355149,0.003354618892038229,0.1260085035849048
text: boosting - ordinal logit,outlet,QWK,0.06644001444969705,0.006146123044018583,0.12798953326755183
