model,grouping,group,outlets,accuracy,mean_abs_error,mean_error,err_ci_lo,err_ci_hi,true_classes
text only | boosting,ext,0 least biased,11,0.34545454545454546,1.0363636363636364,-0.8545454545454545,-1.6,-0.2545454545454545,"Mostly Factual, High"
text only | boosting,ext,1 left/right-center,64,0.5125,0.675,-0.05,-0.278125,0.18437499999999998,"Very Low, Mixed, Mostly Factual, High"
text only | boosting,ext,2 left/right,89,0.31910112359550563,1.1865168539325843,-0.3101123595505618,-0.6179775280898876,-0.011235955056179775,"Very Low, Low, Mixed, Mostly Factual, High"
text only | boosting,ext,3 extreme left/right,47,0.425531914893617,0.774468085106383,0.11063829787234042,-0.17872340425531916,0.4085106382978723,"Very Low, Low, Mixed"
text only | boosting,side,centre,11,0.34545454545454546,1.0363636363636364,-0.8545454545454545,-1.6,-0.2545454545454545,"Mostly Factual, High"
text only | boosting,side,left,82,0.4073170731707317,1.053658536585366,-0.2926829268292683,-0.6048780487804878,0.017073170731707315,"Low, Mixed, Mostly Factual, High"
text only | boosting,side,right,118,0.40508474576271186,0.8372881355932204,-0.013559322033898305,-0.1983050847457627,0.17966101694915254,"Very Low, Low, Mixed, Mostly Factual, High"
text only | boosting,country,USA,173,0.40115606936416187,0.9341040462427745,-0.16416184971098266,-0.35728323699421966,0.02427745664739883,"Very Low, Low, Mixed, Mostly Factual, High"
text only | boosting,country,United Kingdom,15,0.30666666666666664,1.0933333333333333,-0.21333333333333335,-0.8399999999999999,0.52,"Low, Mixed, Mostly Factual, High"
text only | boosting,country,other,23,0.4782608695652174,0.808695652173913,-0.14782608695652175,-0.5652173913043478,0.2956521739130435,"Very Low, Low, Mixed, Mostly Factual, High"
text only | random forest,ext,0 least biased,11,0.4909090909090909,0.8545454545454545,-0.6727272727272727,-1.2909090909090908,-0.10909090909090911,"Mostly Factual, High"
text only | random forest,ext,1 left/right-center,64,0.5875,0.61875,0.05625,-0.165625,0.30007812499999964,"Very Low, Mixed, Mostly Factual, High"
text only | random forest,ext,2 left/right,89,0.4449438202247191,0.8876404494382022,0.12808988764044943,-0.12808988764044943,0.3685393258426966,"Very Low, Low, Mixed, Mostly Factual, High"
text only | random forest,ext,3 extreme left/right,47,0.4085106382978723,0.8595744680851064,0.7914893617021277,0.5659574468085107,1.0382978723404257,"Very Low, Low, Mixed"
text only | random forest,side,centre,11,0.4909090909090909,0.8545454545454545,-0.6727272727272727,-1.2909090909090908,-0.10909090909090911,"Mostly Factual, High"
text only | random forest,side,left,82,0.5146341463414634,0.848780487804878,-0.06829268292682927,-0.32926829268292684,0.20243902439024392,"Low, Mixed, Mostly Factual, High"
text only | random forest,side,right,118,0.45932203389830506,0.7576271186440678,0.48983050847457626,0.3271186440677966,0.6627118644067795,"Very Low, Low, Mixed, Mostly Factual, High"
text only | random forest,country,USA,173,0.4682080924855491,0.791907514450867,0.2115606936416185,0.04968208092485549,0.37687861271676293,"Very Low, Low, Mixed, Mostly Factual, High"
text only | random forest,country,United Kingdom,15,0.64,0.72,0.05333333333333334,-0.52,0.6933333333333334,"Low, Mixed, Mostly Factual, High"
text only | random forest,country,other,23,0.48695652173913045,0.8956521739130435,0.3217391304347826,-0.17413043478260867,0.8089130434782598,"Very Low, Low, Mixed, Mostly Factual, High"
text + bias | boosting,ext,0 least biased,11,0.6363636363636364,0.36363636363636365,0.0,-0.27272727272727276,0.2909090909090909,"Mostly Factual, High"
text + bias | boosting,ext,1 left/right-center,64,0.575,0.615625,0.309375,0.09054687500000001,0.540625,"Very Low, Mixed, Mostly Factual, High"
text + bias | boosting,ext,2 left/right,89,0.4202247191011236,0.6966292134831461,0.20674157303370785,0.013426966292134808,0.4022471910112359,"Very Low, Low, Mixed, Mostly Factual, High"
text + bias | boosting,ext,3 extreme left/right,47,0.3702127659574468,0.6936170212765957,-0.44680851063829785,-0.6510638297872339,-0.23829787234042554,"Very Low, Low, Mixed"
text + bias | boosting,side,centre,11,0.6363636363636364,0.36363636363636365,0.0,-0.27272727272727276,0.2909090909090909,"Mostly Factual, High"
text + bias | boosting,side,left,82,0.48048780487804876,0.6878048780487804,0.23414634146341465,0.03164634146341464,0.4463414634146341,"Low, Mixed, Mostly Factual, High"
text + bias | boosting,side,right,118,0.4423728813559322,0.6576271186440678,-0.01694915254237288,-0.18135593220338983,0.14576271186440679,"Very Low, Low, Mixed, Mostly Factual, High"
text + bias | boosting,country,USA,173,0.45433526011560693,0.6369942196531792,-0.017341040462427744,-0.14104046242774565,0.10985549132947961,"Very Low, Low, Mixed, Mostly Factual, High"
text + bias | boosting,country,United Kingdom,15,0.6933333333333334,0.4666666666666667,0.2,-0.2,0.6666666666666666,"Low, Mixed, Mostly Factual, High"
text + bias | boosting,country,other,23,0.41739130434782606,0.9043478260869565,0.7478260869565218,0.32173913043478264,1.191304347826087,"Very Low, Low, Mixed, Mostly Factual, High"
