feature,group,ICC outlet,"ICC outlet, topic+year removed",eta2 factuality (articles),rho outlet mean vs factuality
arousal,emotion,0.0733,0.0495,0.0028,-0.1830
valence,emotion,0.0667,0.0535,0.0066,0.3611
dominance,emotion,0.0863,0.0679,0.0049,0.2399
attribution_density,epistemic,0.2472,0.2379,0.0189,0.2162
hedging,epistemic,0.0492,0.0437,0.0014,0.0699
certainty,epistemic,0.0289,0.0229,0.0036,-0.3583
caps_ratio,style,0.0781,0.0752,0.0059,-0.5018
exclamation_rate,style,0.1008,0.0917,0.0272,-0.6181
flesch_kincaid,style,0.1510,0.1255,0.0023,0.0706
mtld,style,0.0991,0.0976,0.0062,0.2603
log_length,style,0.3454,0.3282,0.0343,0.2683
