block,features,model,scheme,repeat,article QWK,article accuracy,article macro F1,outlet QWK,outlet accuracy,outlet macro F1
B,text,ordinal logit,naive,0,0.24477401706873647,0.3522810697430519,0.22353167149792014,0.5273639030593812,0.4265402843601896,0.24135484795837714
B,text,ordinal logit,grouped,0,0.2295300330908706,0.3492571228806153,0.2211977682444454,0.4503231192158782,0.3981042654028436,0.22596961394245688
B,text,random forest,naive,0,0.27781280874848857,0.3422653382275826,0.301854595968193,0.642922016400405,0.5402843601895735,0.3956425847037844
B,text,random forest,grouped,0,0.23345701586615708,0.29211676280370563,0.250542093444424,0.5233850583906576,0.44075829383886256,0.2958479214113328
B,text,boosting,naive,0,0.2734960580197987,0.3110120608285265,0.2905708099930103,0.654782866135843,0.5497630331753555,0.5036764608270161
B,text,boosting,grouped,0,0.22948234185108107,0.2613004719454641,0.23961122463266693,0.5341324847644109,0.4075829383886256,0.34476822371161797
B,text,random forest,OOB,0,0.27992417918884627,0.3397308162908582,0.3008375250190153,0.6462467418497124,0.5545023696682464,0.40627115962664134
B,text,ordinal logit,naive,1,0.2443460036089372,0.3522111518965216,0.22335041453282395,0.535356006850991,0.4312796208530806,0.24356912591439522
B,text,ordinal logit,grouped,1,0.23087523647602926,0.3468624366369516,0.2192521485292272,0.49992051678540983,0.41706161137440756,0.23191052553360225
B,text,random forest,naive,1,0.2792787339197046,0.3425450096137039,0.30233306318432707,0.6150709922028682,0.5260663507109005,0.38476954234998784
B,text,random forest,grouped,1,0.23081906649280726,0.28645341723474915,0.2452748674527661,0.5448281635360255,0.45023696682464454,0.3048897844774693
B,text,boosting,naive,1,0.27444200827753595,0.3088271281244538,0.2877778622801881,0.65934918438378,0.5402843601895735,0.4920087225367048
B,text,boosting,grouped,1,0.223926083467212,0.25561964691487504,0.23417380717832215,0.5615051291121329,0.43601895734597157,0.37239166291797865
B,text,random forest,OOB,1,0.27715050914094674,0.3389966789022898,0.3000177019693594,0.6427881091529425,0.5450236966824644,0.3983841132202441
B,text,ordinal logit,naive,2,0.24435514278218606,0.3517916448173396,0.22310017937995,0.535356006850991,0.4312796208530806,0.24356912591439522
B,text,ordinal logit,grouped,2,0.23118425348700655,0.34955427372836917,0.2211157765976,0.4871037233268317,0.41706161137440756,0.24134199134199133
B,text,random forest,naive,2,0.28064558438187626,0.3425100506904387,0.301482570747979,0.641476514436379,0.5545023696682464,0.4210738153819847
B,text,random forest,grouped,2,0.23839769517898168,0.2829225659849677,0.2424328714197667,0.5502318197056237,0.44075829383886256,0.3025199601650306
B,text,boosting,naive,2,0.27300590083016507,0.3088096486628212,0.2882238099184935,0.646197165274614,0.5497630331753555,0.507684780191267
B,text,boosting,grouped,2,0.23326244699100318,0.2527530152071316,0.23248908858273257,0.5851661409497473,0.38388625592417064,0.32680438533280903
B,text,random forest,OOB,2,0.2775846182538565,0.34049991260269186,0.30121161399304536,0.6475393790700407,0.5402843601895735,0.3943170896902884
B,text,ordinal logit,naive,3,0.2437382207573594,0.3522111518965216,0.22343285552750033,0.5273639030593812,0.4265402843601896,0.24135484795837714
B,text,ordinal logit,grouped,3,0.2285534956840728,0.3476140534871526,0.21989379117192026,0.5150416262321875,0.4265402843601896,0.23755253872594156
B,text,random forest,naive,3,0.2811135656335858,0.3429470372312533,0.3027703274875754,0.6421613094064288,0.5450236966824644,0.3993801524824893
B,text,random forest,grouped,3,0.2355407966523807,0.2941793392763503,0.25117766807908215,0.6043043400607252,0.4928909952606635,0.3467918567918568
B,text,boosting,naive,3,0.27329195115994576,0.3114140884460759,0.29061848558868425,0.648708644610459,0.5450236966824644,0.5037497032407445
B,text,boosting,grouped,3,0.23222470408898033,0.26165006117811573,0.24108371827818478,0.5912464266881297,0.44549763033175355,0.38299728851650106
B,text,random forest,OOB,3,0.2780889603194052,0.33939870651983917,0.30107539903086866,0.6561576866393554,0.5497630331753555,0.41511055852319856
B,text,ordinal logit,naive,4,0.24401242980044013,0.35240342597448,0.2235636605651014,0.5273639030593812,0.4265402843601896,0.24135484795837714
B,text,ordinal logit,grouped,4,0.23296672211159186,0.3490823282642895,0.2210974420897546,0.533462433342486,0.4218009478672986,0.23895963837753875
B,text,random forest,naive,4,0.27973991249146424,0.34240517392064324,0.30160719511892886,0.650292977671056,0.5497630331753555,0.4013394335115378
B,text,random forest,grouped,4,0.2316810560213285,0.29466876420206256,0.25317759442552,0.5766485318516803,0.4881516587677725,0.3238477539776241
B,text,boosting,naive,4,0.2703813192950453,0.3110644992134242,0.2898294609126693,0.649349549606766,0.5497630331753555,0.5041835128603854
B,text,boosting,grouped,4,0.22709950348299612,0.26105575948260795,0.24117991178801607,0.5698038799483864,0.4218009478672986,0.3583093818341892
B,text,random forest,OOB,4,0.2787492125066797,0.3398706519839189,0.301718541305668,0.6585537734741018,0.5639810426540285,0.4274093963804063
C,emotion only,ordinal logit,grouped,0,0.07399882128948498,0.3124278972207656,0.1638492176535527,0.2667751454811219,0.38388625592417064,0.19273315363881402
C,emotion only,random forest,grouped,0,0.061768405209755683,0.23046670162558994,0.2050809450076307,0.37688690604443664,0.3981042654028436,0.24882095857353392
C,emotion only,boosting,grouped,0,0.08076242706251369,0.2301171123929383,0.19916037428814598,0.3945006782844621,0.3744075829383886,0.282594763557567
C,epistemic only,ordinal logit,grouped,0,0.096783989715726,0.2988638349938822,0.15928769122626543,0.20475895820442147,0.3080568720379147,0.1550932568149211
C,epistemic only,random forest,grouped,0,0.10289668712487965,0.23109596224436288,0.21295944091705593,0.34274988394701267,0.3791469194312796,0.2803953930737892
C,epistemic only,boosting,grouped,0,0.10680488724796167,0.2194022024121657,0.20645050911481921,0.37665425723549895,0.2985781990521327,0.2767527673544974
C,style only,ordinal logit,grouped,0,0.18359190554605065,0.3564586610732389,0.2138805898542539,0.3028549241397499,0.3981042654028436,0.2145009375668025
C,style only,random forest,grouped,0,0.19316641802596624,0.277853522111519,0.2414629412990886,0.46347603882126354,0.44549763033175355,0.30372524555100056
C,style only,boosting,grouped,0,0.18079592008330791,0.26575773466177244,0.23323344329309076,0.4712117818941891,0.41232227488151657,0.33064935064935064
C,text without emotion,ordinal logit,grouped,0,0.21303055342355737,0.3486628211851075,0.21923089365505347,0.43357759558876885,0.4075829383886256,0.2310660603764052
C,text without emotion,random forest,grouped,0,0.2233690987953737,0.2805803181262017,0.24760929309434507,0.5060879823662724,0.43601895734597157,0.30795212782648534
C,text without emotion,boosting,grouped,0,0.21329486285674504,0.2580492920818039,0.23830598467604558,0.515134522984904,0.3981042654028436,0.3436504456641757
C,text without epistemic,ordinal logit,grouped,0,0.19787567058065092,0.3535046320573326,0.21653331570518444,0.3654135338345865,0.41232227488151657,0.22789138451223598
C,text without epistemic,random forest,grouped,0,0.2094233835423447,0.2897919944065723,0.24386067747389414,0.46442876339723327,0.44075829383886256,0.29279247926600527
C,text without epistemic,boosting,grouped,0,0.20577048475841897,0.2653032686593253,0.23584752505707743,0.4898282474570619,0.41706161137440756,0.33548522138383885
C,text without style,ordinal logit,grouped,0,0.112124447780107,0.3047019751791645,0.17436952738600947,0.25530129892672204,0.3127962085308057,0.15886341620923475
C,text without style,random forest,grouped,0,0.1343699386505368,0.25864359377731166,0.22718057507917036,0.37972439564083427,0.4075829383886256,0.2660944363477002
C,text without style,boosting,grouped,0,0.13515451502973752,0.2321272504806852,0.2130055129371776,0.39802930269887116,0.3412322274881517,0.2973017902813299
C,bias only,ordinal logit,grouped,0,0.6657304832522455,0.5491872050340849,0.36622567439948506,0.6791521847070506,0.5545023696682464,0.37081279498832326
C,bias only,random forest,grouped,0,0.7496302520540421,0.4078307988113966,0.3565394281708182,0.7579941031291847,0.4218009478672986,0.3692032343496339
C,bias only,boosting,grouped,0,0.7496302520540421,0.4078307988113966,0.3565394281708182,0.7579941031291847,0.4218009478672986,0.3692032343496339
C,text + bias,ordinal logit,grouped,0,0.6956415808567711,0.564062226883412,0.3819927354775838,0.6857000993048659,0.5592417061611374,0.3741741395261384
C,text + bias,random forest,grouped,0,0.7156852989966536,0.4798287012760007,0.40153137092963986,0.749646713771497,0.5071090047393365,0.4143133797578827
C,text + bias,boosting,grouped,0,0.7150526979713683,0.4593777311658801,0.39837471145264974,0.7475357529485499,0.4834123222748815,0.4155357868436417
C,emotion only,ordinal logit,grouped,1,0.07694363205551025,0.31008564936199967,0.16169598972244598,0.24080186127042524,0.36492890995260663,0.18236652236652237
C,emotion only,random forest,grouped,1,0.06990128683114971,0.22712812445376682,0.2007572688686361,0.3568075702699839,0.3791469194312796,0.23259983376217397
C,emotion only,boosting,grouped,1,0.08091485565443479,0.2238944240517392,0.19304159146037553,0.3616497031823427,0.35545023696682465,0.26424464765980527
C,epistemic only,ordinal logit,grouped,1,0.09654926973419453,0.2993357804579619,0.15975116635961015,0.20475895820442147,0.3080568720379147,0.1550932568149211
C,epistemic only,random forest,grouped,1,0.1080605188722279,0.22871875546233175,0.21115203123178442,0.32085188562845335,0.36018957345971564,0.25931669678324454
C,epistemic only,boosting,grouped,1,0.10993934756750756,0.2164481733962594,0.2025805881491473,0.3289804918774576,0.32701421800947866,0.29723161596070163
C,style only,ordinal logit,grouped,1,0.1872319680480662,0.3561964691487502,0.2139094623073455,0.3180388866596141,0.3981042654028436,0.21456004955733937
C,style only,random forest,grouped,1,0.1897107450964992,0.27402552001398356,0.2383269776911356,0.47016685149070137,0.4265402843601896,0.3047742873961833
C,style only,boosting,grouped,1,0.18722878761078532,0.2622268834119909,0.230284759178689,0.4697312642143373,0.3933649289099526,0.3254146037975283
C,text without emotion,ordinal logit,grouped,1,0.21671324027065075,0.3472295053312358,0.2182410191152278,0.46550756343643407,0.41232227488151657,0.2290776374813966
C,text without emotion,random forest,grouped,1,0.21937417323797825,0.27607061702499563,0.24303003919647437,0.5191547167894981,0.43601895734597157,0.31219024503005083
C,text without emotion,boosting,grouped,1,0.2123036153652461,0.2515993707393812,0.23223971740077748,0.5322642903620702,0.41232227488151657,0.35480872555340637
C,text without epistemic,ordinal logit,grouped,1,0.19859835130245806,0.3511274252753015,0.2148993499544531,0.33648278404695986,0.4028436018957346,0.2225823378363291
C,text without epistemic,random forest,grouped,1,0.21072619021128225,0.2858241566159762,0.24044419864984484,0.48960784571496185,0.44549763033175355,0.30068617416668364
C,text without epistemic,boosting,grouped,1,0.19887261741976958,0.25724523684670514,0.2285063169512706,0.4705490884891066,0.38388625592417064,0.3063811555916819
C,text without style,ordinal logit,grouped,1,0.11273274399718047,0.30529627687467226,0.17460292445807699,0.2673821343510574,0.3127962085308057,0.15850815850815853
C,text without style,random forest,grouped,1,0.13806460653793096,0.2564237021499738,0.2250234423682334,0.3629654478362966,0.3933649289099526,0.2715526385594686
C,text without style,boosting,grouped,1,0.13661026525046693,0.23034434539416185,0.21145117909848538,0.3634538868103806,0.3222748815165877,0.27889727704385453
C,bias only,ordinal logit,grouped,1,0.6566624611810012,0.5466002447124628,0.36606132749562376,0.674778675382816,0.5545023696682464,0.3720242914979758
C,bias only,random forest,grouped,1,0.7172019386874856,0.4196643943366544,0.37137111985044013,0.7280226862593452,0.4312796208530806,0.3817197147951745
C,bias only,boosting,grouped,1,0.7091126720530416,0.4258870826778535,0.3837907525455734,0.7202111707335208,0.43601895734597157,0.3934020061384828
C,text + bias,ordinal logit,grouped,1,0.6820512178129375,0.55402901590631,0.3758855659330382,0.6844103547459253,0.5592417061611374,0.37455408716405786
C,text + bias,random forest,grouped,1,0.7066535099538681,0.4796014682747771,0.40462844350048927,0.7244052531370013,0.5118483412322274,0.4231895855340831
C,text + bias,boosting,grouped,1,0.7110957145086877,0.45874847054710716,0.4008178835948593,0.739414493681011,0.4928909952606635,0.41792750581585236
C,emotion only,ordinal logit,grouped,2,0.07406781771904103,0.3104352385946513,0.16257866029409634,0.2842328801125238,0.3696682464454976,0.18541599281221924
C,emotion only,random forest,grouped,2,0.06419550228337334,0.22550253452193672,0.2002579247306496,0.3621032434786451,0.3933649289099526,0.24436713851490238
C,emotion only,boosting,grouped,2,0.07857130879476859,0.2245761230554099,0.194594063786244,0.4243278186759546,0.3744075829383886,0.2999838713393701
C,epistemic only,ordinal logit,grouped,2,0.09421888891583063,0.29762279321796886,0.15850123853099576,0.1984009979587208,0.3080568720379147,0.1555077452667814
C,epistemic only,random forest,grouped,2,0.10891095497373782,0.23134067470721903,0.21256543577313583,0.33470500213766563,0.35545023696682465,0.2550620172421712
C,epistemic only,boosting,grouped,2,0.11222478266853808,0.21639573501136164,0.202588498287927,0.3638676844783715,0.3127962085308057,0.2832602212144095
C,style only,ordinal logit,grouped,2,0.18474546181872153,0.35642370214997376,0.2128615818679122,0.3310062749656091,0.4028436018957346,0.21719443762569818
C,style only,random forest,grouped,2,0.19458410088968825,0.27210277923439957,0.23686976436633808,0.4777815277309033,0.4218009478672986,0.29060020065331194
C,style only,boosting,grouped,2,0.19066042483635448,0.256790770844258,0.22709286088963773,0.44285618788716075,0.3459715639810427,0.28518176939229567
C,text without emotion,ordinal logit,grouped,2,0.21696502769617843,0.3494144380353085,0.21930636757953445,0.47229089336552676,0.41706161137440756,0.2361586256501771
C,text without emotion,random forest,grouped,2,0.22676904975747236,0.27271456039153996,0.24072498357115077,0.5334438916528469,0.4265402843601896,0.2924982406755806
C,text without emotion,boosting,grouped,2,0.22265893594873376,0.2517042475091767,0.2326685196290587,0.5842863441778432,0.38388625592417064,0.32929744625634966
C,text without epistemic,ordinal logit,grouped,2,0.20015418727780987,0.351983918895298,0.21521941518646112,0.3359799053008431,0.4075829383886256,0.2194935499283326
C,text without epistemic,random forest,grouped,2,0.21680545585794486,0.2825904562139486,0.2378890112671599,0.5033346410357002,0.4265402843601896,0.2883374283374283
C,text without epistemic,boosting,grouped,2,0.21318326595752723,0.2534347142108023,0.22568430348239604,0.5079030223362415,0.3744075829383886,0.3053853474992078
C,text without style,ordinal logit,grouped,2,0.1128880356514399,0.3036182485579444,0.17362340866810647,0.2583802939638645,0.3175355450236967,0.16141257536606374
C,text without style,random forest,grouped,2,0.1356277293002871,0.2553574549903863,0.22436408588633855,0.39634110739887773,0.41232227488151657,0.2732077685088634
C,text without style,boosting,grouped,2,0.13831082034942543,0.22978500262191925,0.21082966702107148,0.4055012267994036,0.3222748815165877,0.2772513191323041
C,bias only,ordinal logit,grouped,2,0.6610206450159856,0.5703548330711414,0.3785597124799248,0.6703448484070857,0.5734597156398105,0.3815473415473416
C,bias only,random forest,grouped,2,0.6646437643572811,0.4564936199965041,0.3902388474942563,0.6709186584670006,0.46919431279620855,0.40226934432150624
C,bias only,boosting,grouped,2,0.6646437643572811,0.4564936199965041,0.3902388474942563,0.6709186584670006,0.46919431279620855,0.40226934432150624
C,text + bias,ordinal logit,grouped,2,0.6977757186664091,0.5705296276874672,0.3852315050795564,0.7265119875084326,0.5876777251184834,0.3907588507877665
C,text + bias,random forest,grouped,2,0.7068952818553901,0.48704771893025695,0.3978687204870131,0.7190412782956059,0.4928909952606635,0.383393421884883
C,text + bias,boosting,grouped,2,0.70641168275681,0.4626463904911729,0.3925748514382167,0.740174448435095,0.4834123222748815,0.3936110089360535
C,emotion only,ordinal logit,grouped,3,0.07619888427808752,0.3106449921342423,0.16248662880856513,0.28755999553521594,0.3744075829383886,0.18831467126040768
C,emotion only,random forest,grouped,3,0.06922218055092977,0.2293480160811047,0.20344333369673784,0.37098202591959684,0.4028436018957346,0.2524364332985023
C,emotion only,boosting,grouped,3,0.08034415103960935,0.22740779583988813,0.1966068152994009,0.44156567767098487,0.36018957345971564,0.2756864253035979
C,epistemic only,ordinal logit,grouped,3,0.09556209466873555,0.299038629610208,0.15942173760967746,0.201989074100014,0.3033175355450237,0.1524629569834607
C,epistemic only,random forest,grouped,3,0.10951793363937457,0.23254675755986715,0.21396352575667993,0.365321310522438,0.3744075829383886,0.291337343358396
C,epistemic only,boosting,grouped,3,0.11023882426074072,0.217007516168502,0.20405398448922227,0.4026481604429468,0.36492890995260663,0.3347078616885396
C,style only,ordinal logit,grouped,3,0.18081531948229246,0.35268309736060127,0.21184821926178335,0.3210320336280621,0.3886255924170616,0.20994343891402717
C,style only,random forest,grouped,3,0.19346317862037365,0.28131445551477013,0.24509691760491242,0.5090034937017212,0.43601895734597157,0.31017171378431263
C,style only,boosting,grouped,3,0.1931882607040819,0.2692885859115539,0.23912183465622508,0.4967042562480699,0.3981042654028436,0.33296905171143487
C,text without emotion,ordinal logit,grouped,3,0.2117839817093562,0.3476839713336829,0.2184918727003236,0.4534980195805407,0.41706161137440756,0.23119437341173749
C,text without emotion,random forest,grouped,3,0.22381862135271346,0.28446075860863484,0.2501599637613338,0.565887461186984,0.4597156398104265,0.3394249805460281
C,text without emotion,boosting,grouped,3,0.21714474595686728,0.2599195944764901,0.24066381920921343,0.5491351582356778,0.4265402843601896,0.36903114930182596
C,text without epistemic,ordinal logit,grouped,3,0.19710042559587948,0.34997378080755115,0.21474932337528324,0.3282664539406758,0.41232227488151657,0.2275444867706531
C,text without epistemic,random forest,grouped,3,0.21404457926828413,0.29147002272330014,0.24593601592596173,0.5129471539473345,0.47393364928909953,0.3326936026936027
C,text without epistemic,boosting,grouped,3,0.20447465687244182,0.26509351511973434,0.23698747836322856,0.5039257282827398,0.3981042654028436,0.32711926876013564
C,text without style,ordinal logit,grouped,3,0.11651649581159351,0.30520887956650933,0.17453650972654727,0.26750947435415284,0.3222748815165877,0.1636565852258458
C,text without style,random forest,grouped,3,0.14301657239423493,0.2580318126201713,0.22637044533801842,0.3749610227627065,0.41232227488151657,0.2745681785097843
C,text without style,boosting,grouped,3,0.14475620612842766,0.2330711414088446,0.2143979151823193,0.39141090256577005,0.32701421800947866,0.29132950282855263
C,bias only,ordinal logit,grouped,3,0.6593676363297005,0.5681699003670687,0.3779428985543735,0.672020725388601,0.5734597156398105,0.38204849498327753
C,bias only,random forest,grouped,3,0.758280178307677,0.4578395385422129,0.40672767792844733,0.7660893635947239,0.46919431279620855,0.41586045631268875
C,bias only,boosting,grouped,3,0.758280178307677,0.4578395385422129,0.40672767792844733,0.7660893635947239,0.46919431279620855,0.41586045631268875
C,text + bias,ordinal logit,grouped,3,0.7045270117462428,0.5761405348715259,0.3887380772926628,0.7172774080876818,0.5829383886255924,0.3884562945008332
C,text + bias,random forest,grouped,3,0.7121541217133256,0.4872574724698479,0.40807355110843846,0.7342710183736776,0.5071090047393365,0.40893959035519833
C,text + bias,boosting,grouped,3,0.7119595467587101,0.46678902289809476,0.40756364170303333,0.7578770570096993,0.4928909952606635,0.42131836410537726
C,emotion only,ordinal logit,grouped,4,0.07770968615785079,0.3117636776787275,0.16292933591395004,0.28755999553521594,0.3791469194312796,0.19064025265575651
C,emotion only,random forest,grouped,4,0.0627384006125693,0.2313581541688516,0.20487565839692276,0.40833748753738786,0.4312796208530806,0.26777639751552795
C,emotion only,boosting,grouped,4,0.08645516959469801,0.23149798986191225,0.19936817423370784,0.3993528435970427,0.3886255924170616,0.29519382564269114
C,epistemic only,ordinal logit,grouped,4,0.09522497199223434,0.2980947386820486,0.15897201873644176,0.18643683374914943,0.2985781990521327,0.1507171543316122
C,epistemic only,random forest,grouped,4,0.10335280878542519,0.2319524558643594,0.21486212147483624,0.33074020900804646,0.3791469194312796,0.28029304029304025
C,epistemic only,boosting,grouped,4,0.10271047591778493,0.2149099807725922,0.20244840722318025,0.3570156389607162,0.3033175355450237,0.27508555264532086
C,style only,ordinal logit,grouped,4,0.18407702911441182,0.3557420031463031,0.21426835524998214,0.3210320336280621,0.4028436018957346,0.21714932126696834
C,style only,random forest,grouped,4,0.19471215314866797,0.2788673308862087,0.24338103956721815,0.44279728045764755,0.4312796208530806,0.30904009599661775
C,style only,boosting,grouped,4,0.1857056449335317,0.2709666142282818,0.23921699199373014,0.48088288570826054,0.41706161137440756,0.3473990084261544
C,text without emotion,ordinal logit,grouped,4,0.21961604130366918,0.3498689040377556,0.2199771544173716,0.4858487478087563,0.4075829383886256,0.22696979134226095
C,text without emotion,random forest,grouped,4,0.22141063166385988,0.28253801782905086,0.24962817559309616,0.5765439523915039,0.47393364928909953,0.333871083886377
C,text without emotion,boosting,grouped,4,0.21583932151685625,0.26171997902464605,0.24265587805560568,0.5595667076814905,0.41232227488151657,0.3654515050167223
C,text without epistemic,ordinal logit,grouped,4,0.19838131212032706,0.3509701101206083,0.21513171092075764,0.34538873648076074,0.41706161137440756,0.22983184769178006
C,text without epistemic,random forest,grouped,4,0.20998755561567461,0.2952980248208355,0.24985628452566783,0.49117942898408673,0.4549763033175355,0.32113804713804717
C,text without epistemic,boosting,grouped,4,0.20082597992910767,0.2656004195070792,0.23723473917564944,0.48877548832522133,0.4028436018957346,0.3299423018373273
C,text without style,ordinal logit,grouped,4,0.11553103319640179,0.30456213948610383,0.17453540469539788,0.25530129892672204,0.3127962085308057,0.15886341620923475
C,text without style,random forest,grouped,4,0.13776629518956518,0.2576997028491522,0.2261036433863571,0.4072499065733688,0.4265402843601896,0.2781899192425509
C,text without style,boosting,grouped,4,0.13492511988816125,0.23321097710190525,0.21407388964869162,0.3890504076786888,0.3127962085308057,0.2675942630248037
C,bias only,ordinal logit,grouped,4,0.6389096133493506,0.5550253452193672,0.36927581270770554,0.651234404836482,0.5592417061611374,0.3727738927738928
C,bias only,random forest,grouped,4,0.7464536644460065,0.4295053312357979,0.3648447483108111,0.7570368474923235,0.44549763033175355,0.3786501462877475
C,bias only,boosting,grouped,4,0.7464536644460065,0.4295053312357979,0.3648447483108111,0.7570368474923235,0.44549763033175355,0.3786501462877475
C,text + bias,ordinal logit,grouped,4,0.6881504368262726,0.5667715434364622,0.3839995455460648,0.6916723066510798,0.5687203791469194,0.3809062630892974
C,text + bias,random forest,grouped,4,0.7232372856098856,0.49459884635553225,0.4081706396447499,0.7517614244735555,0.5118483412322274,0.3930323820349395
C,text + bias,boosting,grouped,4,0.7214870231242574,0.4722251354658277,0.40638157784337026,0.7471246337162972,0.4928909952606635,0.4174672583760586
E,MBFC bias,ordinal logit,grouped,0,0.5731229308208616,0.4991240364400841,0.31096128947873325,0.5824742268041236,0.5061728395061729,0.3139584868582658
E,MBFC bias,random forest,grouped,0,0.6018554086861081,0.3293185003503854,0.2502297945371636,0.6076486598699082,0.3333333333333333,0.254346353107963
E,MBFC bias,boosting,grouped,0,0.6018554086861081,0.3293185003503854,0.2502297945371636,0.6076486598699082,0.3333333333333333,0.254346353107963
E,Ad Fontes lean,ordinal logit,grouped,0,0.596944249528399,0.5177820602662929,0.31103993977505817,0.6054599003171726,0.5185185185185185,0.307237539766702
E,Ad Fontes lean,random forest,grouped,0,0.4913254174934799,0.39930798878766643,0.2878456415797553,0.5066991473812423,0.4074074074074074,0.29034886681945504
E,Ad Fontes lean,boosting,grouped,0,0.4978410544012448,0.41214085494043445,0.29634246754916466,0.5129077324910405,0.41975308641975306,0.29864357864357866
E,text only,ordinal logit,grouped,0,0.0818781258921275,0.37513139453398736,0.17717330225944336,0.06691176470588245,0.38271604938271603,0.1776744186046512
E,text only,random forest,grouped,0,0.0494478162886014,0.255562368605466,0.19029260571999976,0.20382824624935325,0.3333333333333333,0.2047589396904465
E,text only,boosting,grouped,0,0.03054500421250428,0.23326909600560616,0.18434871653350093,0.13905066977285963,0.2839506172839506,0.1789196310935441
E,text + Ad Fontes,ordinal logit,grouped,0,0.6016681413857751,0.5187456201822004,0.37474801131859553,0.5817075969703924,0.5061728395061729,0.30460475329372255
E,text + Ad Fontes,random forest,grouped,0,0.48533955034991527,0.3938770147161878,0.2945806345518614,0.5392714510468353,0.4074074074074074,0.30248992153972865
E,text + Ad Fontes,boosting,grouped,0,0.49746516615748926,0.41214085494043445,0.296403502683144,0.5129077324910405,0.41975308641975306,0.29864357864357866
E,MBFC bias,ordinal logit,grouped,1,0.5349420129216643,0.47494744218640506,0.31183023579881175,0.5432607772994603,0.48148148148148145,0.31435574229691876
E,MBFC bias,random forest,grouped,1,0.6169219001351838,0.3021198318149965,0.25826943414179115,0.6238271253909582,0.30864197530864196,0.2638318537211332
E,MBFC bias,boosting,grouped,1,0.6169219001351838,0.3021198318149965,0.25826943414179115,0.6238271253909582,0.30864197530864196,0.2638318537211332
E,Ad Fontes lean,ordinal logit,grouped,1,0.5549762770849116,0.4922039243167484,0.4271887704381599,0.5652620760534429,0.49382716049382713,0.4127989657401422
E,Ad Fontes lean,random forest,grouped,1,0.5059044486674393,0.39913279607568325,0.36301695907355663,0.5202139283455057,0.4074074074074074,0.3614246165023327
E,Ad Fontes lean,boosting,grouped,1,0.49731594655397915,0.4119656622284513,0.3909367534922036,0.512163438828531,0.41975308641975306,0.38711111111111113
E,text only,ordinal logit,grouped,1,0.08995586265860478,0.3778906797477225,0.1795108796695677,0.22016721560678998,0.41975308641975306,0.19951143681989789
E,text only,random forest,grouped,1,0.081100466774774,0.2556499649614576,0.19041223811581406,0.18291135012358883,0.32098765432098764,0.19064935064935062
E,text only,boosting,grouped,1,0.05861247443353357,0.22845129642606868,0.18233264290133924,0.16091160220994472,0.2716049382716049,0.18323676323676324
E,text + Ad Fontes,ordinal logit,grouped,1,0.569537421547331,0.5028468815697267,0.38188246841651957,0.5512334519157871,0.48148148148148145,0.27565610859728507
E,text + Ad Fontes,random forest,grouped,1,0.54315777649558,0.4251927119831815,0.383260721186182,0.5545160741622724,0.4444444444444444,0.3872684131636598
E,text + Ad Fontes,boosting,grouped,1,0.4971592379867317,0.4119656622284513,0.3909662743438396,0.512163438828531,0.41975308641975306,0.38711111111111113
E,MBFC bias,ordinal logit,grouped,2,0.5840630823951809,0.5120007007708479,0.33216152467061255,0.5928132563768386,0.5185185185185185,0.3346959122632104
E,MBFC bias,random forest,grouped,2,0.6040308521998567,0.3661527680448493,0.30269420684060144,0.6130759951749095,0.37037037037037035,0.30712733623128285
E,MBFC bias,boosting,grouped,2,0.6040308521998567,0.3661527680448493,0.30269420684060144,0.6130759951749095,0.37037037037037035,0.30712733623128285
E,Ad Fontes lean,ordinal logit,grouped,2,0.5620198004883001,0.5045988086895585,0.30520679107697485,0.572789655759088,0.5061728395061729,0.3022338049143708
E,Ad Fontes lean,random forest,grouped,2,0.47659470609208765,0.4212070777855641,0.2810364708793043,0.4910097679338019,0.43209876543209874,0.28636274509803916
E,Ad Fontes lean,boosting,grouped,2,0.46761391536901287,0.4089435879467414,0.27502485642936497,0.4821361414065438,0.41975308641975306,0.28036762439952867
E,text only,ordinal logit,grouped,2,0.0881874722918865,0.3788104414856342,0.18039321923366286,0.0896603396603397,0.4074074074074074,0.19385727190605243
E,text only,random forest,grouped,2,0.06551076774246922,0.2606867554309741,0.1912881663928358,0.13088893626092524,0.30864197530864196,0.16417688591601637
E,text only,boosting,grouped,2,0.05009312286240397,0.23423265592151365,0.18400866059832915,0.1380500431406384,0.2962962962962963,0.20238095238095238
E,text + Ad Fontes,ordinal logit,grouped,2,0.5783183606066953,0.5133584442887176,0.381303838282384,0.5505405869229448,0.49382716049382713,0.2964583651642475
E,text + Ad Fontes,random forest,grouped,2,0.5152974306010569,0.4421864050455501,0.31438250404681006,0.542159547811899,0.4444444444444444,0.32067755595886266
E,text + Ad Fontes,boosting,grouped,2,0.46761391536901287,0.4089435879467414,0.27502485642936497,0.4821361414065438,0.41975308641975306,0.28036762439952867
E,MBFC bias,ordinal logit,grouped,3,0.5840630823951809,0.5120007007708479,0.33216152467061255,0.5928132563768386,0.5185185185185185,0.3346959122632104
E,MBFC bias,random forest,grouped,3,0.6157911621632821,0.3231867554309741,0.24185998677705028,0.6235678461326093,0.3333333333333333,0.25196903152377936
E,MBFC bias,boosting,grouped,3,0.6157911621632821,0.3231867554309741,0.24185998677705028,0.6235678461326093,0.3333333333333333,0.25196903152377936
E,Ad Fontes lean,ordinal logit,grouped,3,0.6026040125604628,0.5307901191310441,0.45909530771846707,0.610576923076923,0.5308641975308642,0.4432730923694779
E,Ad Fontes lean,random forest,grouped,3,0.43930474454601687,0.3857743517869657,0.2741788791010208,0.4586877278250304,0.3950617283950617,0.2797456140350877
E,Ad Fontes lean,boosting,grouped,3,0.43930474454601687,0.3857743517869657,0.2741788791010208,0.4586877278250304,0.3950617283950617,0.2797456140350877
E,text only,ordinal logit,grouped,3,0.10044738630159378,0.37631394533987383,0.1788973837751649,0.08676470588235297,0.3950617283950617,0.18567441860465114
E,text only,random forest,grouped,3,0.07239363126003573,0.263270847932726,0.1932978534121856,0.17231243001119811,0.30864197530864196,0.18002480290548323
E,text only,boosting,grouped,3,0.05583596240270361,0.2377365101611773,0.18727850369735177,0.14191485108934643,0.2839506172839506,0.19126633986928104
E,text + Ad Fontes,ordinal logit,grouped,3,0.5994327997749447,0.5203661527680449,0.44669917935586334,0.6147389625650495,0.5308641975308642,0.44833333333333325
E,text + Ad Fontes,random forest,grouped,3,0.4875931492954966,0.4118342676944639,0.29747616755858297,0.5116112470897259,0.43209876543209874,0.3113843432109686
E,text + Ad Fontes,boosting,grouped,3,0.43930474454601687,0.3857743517869657,0.2741788791010208,0.4586877278250304,0.3950617283950617,0.2797456140350877
E,MBFC bias,ordinal logit,grouped,4,0.5731229308208616,0.4991240364400841,0.31096128947873325,0.5824742268041236,0.5061728395061729,0.3139584868582658
E,MBFC bias,random forest,grouped,4,0.5773486354205251,0.3151716888577435,0.25746422046058715,0.585057026870288,0.32098765432098764,0.26269010746915233
E,MBFC bias,boosting,grouped,4,0.5773486354205251,0.3151716888577435,0.25746422046058715,0.585057026870288,0.32098765432098764,0.26269010746915233
E,Ad Fontes lean,ordinal logit,grouped,4,0.5518207164952675,0.4917221443587947,0.29934156680327784,0.56311682350241,0.49382716049382713,0.2964414879876001
E,Ad Fontes lean,random forest,grouped,4,0.49390660198804626,0.38016818500350386,0.2763206439809588,0.5090282651693996,0.3950617283950617,0.2836144984309513
E,Ad Fontes lean,boosting,grouped,4,0.500700031142896,0.3930010511562719,0.28359717348536745,0.5155255790277424,0.4074074074074074,0.29060769570986295
E,text only,ordinal logit,grouped,4,0.09562308281594667,0.3739488437281009,0.1761494263303168,0.16227530164983994,0.3950617283950617,0.18196078431372548
E,text only,random forest,grouped,4,0.06737528474013788,0.2506569726699369,0.1872150146610106,0.20185480365164465,0.35802469135802467,0.2279374802987065
E,text only,boosting,grouped,4,0.05365715763166057,0.22757533286615278,0.18213755995543224,0.15829181494661915,0.2839506172839506,0.19987933634992455
E,text + Ad Fontes,ordinal logit,grouped,4,0.5850518065999535,0.5138840224246671,0.3763020787302053,0.5835237659963437,0.5061728395061729,0.30166666666666664
E,text + Ad Fontes,random forest,grouped,4,0.5567603049665711,0.4127978276103714,0.30575971939132207,0.5793086979881799,0.41975308641975306,0.3095887445887446
E,text + Ad Fontes,boosting,grouped,4,0.4996117831415202,0.3930010511562719,0.2838591597890317,0.5155255790277424,0.4074074074074074,0.29060769570986295
