block,comparison,level,metric,estimate,ci_lo,ci_hi,share_draws_above_0
B,ordinal logit naive,article,QWK,0.24424516280353187,0.1962603542408264,0.28558888991435033,
B,ordinal logit naive,outlet,QWK,0.5305607445760252,0.4432646538557335,0.6096732467457492,
B,ordinal logit grouped,article,QWK,0.23062194816991424,0.18338549120539016,0.2725459520485847,
B,ordinal logit grouped,outlet,QWK,0.4971702837805586,0.41467761222096006,0.5731062447291912,
B,random forest naive,article,QWK,0.27971812103502386,0.2318234828454446,0.31940865600917334,
B,random forest naive,outlet,QWK,0.6383847620234274,0.5485605059771695,0.7109632268644839,
B,random forest OOB,article,QWK,0.27829949588194686,0.23039470915033972,0.31851241755411164,
B,random forest OOB,outlet,QWK,0.6502571380372306,0.5611304415995185,0.7233382939173701,
B,random forest grouped,article,QWK,0.23397912604233104,0.18875690716389337,0.27601642457431036,
B,random forest grouped,outlet,QWK,0.5598795827089426,0.47261954733034445,0.635287214809902,
B,boosting naive,article,QWK,0.27292344751649816,0.2253564244328547,0.3136578163888526,
B,boosting naive,outlet,QWK,0.6516774820022924,0.5571920448707307,0.735558110170142,
B,boosting grouped,article,QWK,0.22919901597625456,0.18339052227618255,0.2713094836353053,
B,boosting grouped,outlet,QWK,0.5683708122925614,0.4767243642577876,0.6478532045941678,
B,ordinal logit: naive - grouped,article,QWK,0.013623214633617625,0.009214708757250584,0.018350672423112946,1.0
B,ordinal logit: naive - grouped,outlet,QWK,0.03339046079546659,0.005032242607315197,0.06299619919206544,0.9875
B,random forest: naive - grouped,article,QWK,0.04573899499269282,0.031693735679391016,0.06201550657912423,1.0
B,random forest: naive - grouped,outlet,QWK,0.07850517931448486,0.03437868973356317,0.12722048887362297,1.0
B,boosting: naive - grouped,article,QWK,0.04372443154024361,0.03001733662558587,0.059807074929199414,1.0
B,boosting: naive - grouped,outlet,QWK,0.083306669709731,0.04519743731118685,0.12493522072775703,1.0
B,random forest: OOB - grouped,outlet,QWK,0.09037755532828806,0.0453498068150623,0.13942653037364938,1.0
C,emotion only | ordinal logit,outlet,QWK,0.27338597558690053,0.18177321393936544,0.3654368285080321,
C,emotion only | ordinal logit,article,QWK,0.07578376829999492,0.0538701577365272,0.098810596924645,
C,emotion only | random forest,outlet,QWK,0.3750234466500101,0.2787858428431307,0.46684823046684376,
C,emotion only | random forest,article,QWK,0.06556515509755556,0.04751821847812311,0.08371747199807379,
C,emotion only | boosting,outlet,QWK,0.4042793442821574,0.304271465337545,0.4981258627017667,
C,emotion only | boosting,article,QWK,0.08140958242920489,0.060276316578826435,0.10221950779648582,
C,epistemic only | ordinal logit,outlet,QWK,0.19926896444334544,0.09214828777489058,0.30662757741666397,
C,epistemic only | ordinal logit,article,QWK,0.09566784300534421,0.047642544737426344,0.14165365920148643,
C,epistemic only | random forest,outlet,QWK,0.33887365824872323,0.21848825737751212,0.44648977702393394,
C,epistemic only | random forest,article,QWK,0.10654778067912903,0.07657315725005813,0.13480355887008466,
C,epistemic only | boosting,outlet,QWK,0.36583324659899824,0.25194221999598615,0.46760233686447383,
C,epistemic only | boosting,article,QWK,0.10838366353250659,0.0788138894649908,0.13627180634273328,
C,style only | ordinal logit,outlet,QWK,0.3187928306042195,0.21663063750076814,0.41667307695163874,
C,style only | ordinal logit,article,QWK,0.18409233680190853,0.12971757074630746,0.2364789425032536,
C,style only | random forest,outlet,QWK,0.47264503844044736,0.3707170366635356,0.5650944435233802,
C,style only | random forest,article,QWK,0.19312731915623907,0.146022486081013,0.2357652633194624,
C,style only | boosting,outlet,QWK,0.4722772751904035,0.36903418960965023,0.562635185330293,
C,style only | boosting,article,QWK,0.18751580763361225,0.13923179531398894,0.23228304274954817,
C,all text | ordinal logit,outlet,QWK,0.4971702837805586,0.41467761222096006,0.5731062447291912,
C,all text | ordinal logit,article,QWK,0.23062194816991424,0.18338549120539016,0.2725459520485847,
C,all text | random forest,outlet,QWK,0.5598795827089426,0.47261954733034445,0.635287214809902,
C,all text | random forest,article,QWK,0.23397912604233104,0.18875690716389337,0.27601642457431036,
C,all text | boosting,outlet,QWK,0.5683708122925614,0.4767243642577876,0.6478532045941678,
C,all text | boosting,article,QWK,0.22919901597625456,0.18339052227618255,0.2713094836353053,
C,text without emotion | ordinal logit,outlet,QWK,0.46214456395600534,0.3729376486644715,0.5408167188407923,
C,text without emotion | ordinal logit,article,QWK,0.21562176888068238,0.16702566982317735,0.2585155484362961,
C,text without emotion | random forest,outlet,QWK,0.540223600877421,0.44924842615482946,0.6208440631268068,
C,text without emotion | random forest,article,QWK,0.22294831496147954,0.17589419202988407,0.26363268709211957,
C,text without emotion | boosting,outlet,QWK,0.5480774046883972,0.4520512171993044,0.6277714326292632,
C,text without emotion | boosting,article,QWK,0.2162482963288897,0.16962849140062822,0.2573588490638274,
C,text without epistemic | ordinal logit,outlet,QWK,0.34230628272076513,0.23959399525739222,0.4375829802694924,
C,text without epistemic | ordinal logit,article,QWK,0.19842198937542507,0.14676670062283811,0.2479208560548776,
C,text without epistemic | random forest,outlet,QWK,0.4922995666158633,0.39482832023793973,0.5835073644086526,
C,text without epistemic | random forest,article,QWK,0.2121974328991061,0.16374680299489516,0.25727813850262976,
C,text without epistemic | boosting,outlet,QWK,0.49219631497807426,0.39026292058436723,0.5805478297221356,
C,text without epistemic | boosting,article,QWK,0.20462540098745308,0.15613561780656388,0.24975066486050668,
C,text without style | ordinal logit,outlet,QWK,0.26077490010450377,0.15437662460940174,0.3652177058815765,
C,text without style | ordinal logit,article,QWK,0.11395855128734453,0.07460406591296757,0.1535128715439531,
C,text without style | random forest,outlet,QWK,0.3842483760424168,0.271951344657428,0.4843663500863851,
C,text without style | random forest,article,QWK,0.137769028414511,0.10783172229747554,0.16624550130291385,
C,text without style | boosting,outlet,QWK,0.38948914531062284,0.2853274977081419,0.49011793601891446,
C,text without style | boosting,article,QWK,0.13795138532924375,0.10927716082751664,0.16560537100420059,
C,bias only | ordinal logit,outlet,QWK,0.669506167744407,0.5861851305350885,0.7425525820390568,
C,bias only | ordinal logit,article,QWK,0.6563381678256567,0.5691806552708025,0.7327162237126841,
C,bias only | random forest,outlet,QWK,0.7360123317885157,0.6742574959524964,0.7896347205183935,
C,bias only | random forest,article,QWK,0.7272419595704985,0.6628428795076609,0.7835184274351815,
C,bias only | boosting,outlet,QWK,0.7344500286833509,0.6718047698731834,0.7877373720269178,
C,bias only | boosting,article,QWK,0.7256241062436096,0.6612378984069643,0.78214198848407,
C,text + bias | ordinal logit,outlet,QWK,0.7011144312595972,0.6308454302390424,0.7641289267686255,
C,text + bias | ordinal logit,article,QWK,0.6936291931817267,0.6237766938421798,0.7557099221081449,
C,text + bias | random forest,outlet,QWK,0.7358251376102675,0.6698751357526347,0.7892761558288386,
C,text + bias | random forest,article,QWK,0.7129250996258245,0.649360583241903,0.7657850559448282,
C,text + bias | boosting,outlet,QWK,0.7464252771581305,0.6829217127439969,0.7972474883206442,
C,text + bias | boosting,article,QWK,0.7132013330239666,0.6517869706169175,0.7635952898788709,
C,unique emotion | ordinal logit,outlet,QWK,0.03502571982455327,-0.009960985231955741,0.08399548394973423,0.9355
C,unique emotion | random forest,outlet,QWK,0.019655981831521507,-0.00854320916314873,0.0508576238834135,0.898
C,unique emotion | boosting,outlet,QWK,0.020293407604164204,-0.007397891031998286,0.05210265498831324,0.9185
C,unique epistemic | ordinal logit,outlet,QWK,0.15486400105979348,0.07468722088655767,0.23987581879732964,1.0
C,unique epistemic | random forest,outlet,QWK,0.06758001609307923,0.00830194259205524,0.12612789650927783,0.987
C,unique epistemic | boosting,outlet,QWK,0.07617449731448711,0.024052971034958483,0.13169564089433325,0.999
C,unique style | ordinal logit,outlet,QWK,0.23639538367605484,0.12979072445762302,0.3374365782210782,1.0
C,unique style | random forest,outlet,QWK,0.17563120666652576,0.069887700334998,0.27488679099646746,1.0
C,unique style | boosting,outlet,QWK,0.17888166698193853,0.08717735410430773,0.26623129193185185,1.0
D,text+bias - bias | ordinal logit,outlet,QWK,0.031608263515190194,0.006141600153945992,0.06522324314899704,0.9995
D,text+bias - bias | ordinal logit,outlet,accuracy,0.008530805687203769,0.0009478672985782088,0.01800947867298564,0.9875
D,text+bias - bias | ordinal logit,outlet,macro F1,0.005928563855456481,0.001014789854000346,0.011916056327878998,0.995
D,text+bias - bias | random forest,outlet,QWK,-0.00018719417824819562,-0.028007259931081857,0.030443740554309966,0.4985
D,text+bias - bias | random forest,outlet,accuracy,0.058767772511848226,0.013270142180094755,0.10710900473933649,0.9935
D,text+bias - bias | random forest,outlet,macro F1,0.015033092700047102,-0.03295529698680836,0.06413703730300307,0.7385
D,text+bias - bias | boosting,outlet,QWK,0.011975248474779598,-0.015647241298101165,0.042693391821899414,0.8035
D,text+bias - bias | boosting,outlet,accuracy,0.040758293838862536,0.002843601895734625,0.08246445497630334,0.982
D,text+bias - bias | boosting,outlet,macro F1,0.021294947333384828,-0.022808946514135807,0.06893056349880054,0.823
E,MBFC bias | ordinal logit,outlet,QWK,0.5787671487322769,0.4143606022085897,0.702470271556936,
E,MBFC bias | random forest,outlet,QWK,0.6106353306877347,0.4704293593491833,0.7117915553516584,
E,MBFC bias | boosting,outlet,QWK,0.6106353306877347,0.4704293593491833,0.7117915553516584,
E,Ad Fontes lean | ordinal logit,outlet,QWK,0.5834410757418074,0.4232681482826241,0.7093467826776265,
E,Ad Fontes lean | random forest,outlet,QWK,0.49712776733099595,0.32140230517007184,0.6381406123163349,
E,Ad Fontes lean | boosting,outlet,QWK,0.49628412391577764,0.3196335907068834,0.6398623030878688,
E,text only | ordinal logit,outlet,QWK,0.12515586550104102,-0.05066930871905699,0.2994977364396917,
E,text only | random forest,outlet,QWK,0.178359153259342,-0.0010246037942548355,0.3454141915432386,
E,text only | boosting,outlet,QWK,0.14764379623188167,-0.01693270443531342,0.3115545786893484,
E,text + Ad Fontes | ordinal logit,outlet,QWK,0.5763488728741035,0.42098755073438693,0.7013698758745848,
E,text + Ad Fontes | random forest,outlet,QWK,0.5453734036197825,0.3764135090663126,0.6763314611878792,
E,text + Ad Fontes | boosting,outlet,QWK,0.49628412391577764,0.3196335907068834,0.6398623030878688,
E,MBFC - Ad Fontes | ordinal logit,outlet,QWK,-0.00467392700953051,-0.14742943342130277,0.13692929831044862,0.466
E,text+AF - AF | ordinal logit,outlet,QWK,-0.007092202867703845,-0.047607259858658844,0.02871472494056877,0.359
E,MBFC - Ad Fontes | random forest,outlet,QWK,0.11350756335673873,-0.0220549565781063,0.2536116130010616,0.944
E,text+AF - AF | random forest,outlet,QWK,0.04824563628878653,0.0019360653235675903,0.11139887054474107,0.981
E,MBFC - Ad Fontes | boosting,outlet,QWK,0.11435120677195704,-0.023445029634180478,0.2566445454348104,0.944
E,text+AF - AF | boosting,outlet,QWK,0.0,0.0,0.0,0.0
