,group,Very Low,Low,Mixed,Mostly Factual,High,all classes,rho | Very Low,rho | High
log_length,style,0.3945,0.1132,0.1436,0.1466,0.2619,1.0598,-0.9285,0.8926
attribution_density,epistemic,0.1630,0.2340,0.0217,0.1596,0.0969,0.6752,-0.7503,0.7294
exclamation_rate,style,0.1018,0.0810,0.0537,0.0888,0.1746,0.5000,0.5908,-0.6250
mtld,style,0.1256,0.0434,0.0318,0.0909,0.1099,0.4015,-0.9153,0.9415
caps_ratio,style,0.0473,0.0855,0.0301,0.1005,0.1008,0.3642,0.5636,-0.5663
flesch_kincaid,style,0.0881,0.0830,0.0533,0.0545,0.0548,0.3337,0.6486,-0.1883
valence,emotion,0.0594,0.0773,0.0183,0.0571,0.0817,0.2938,-0.8798,0.9266
dominance,emotion,0.0937,0.0303,0.0300,0.0241,0.0524,0.2305,-0.8727,0.8044
certainty,epistemic,0.0537,0.0087,0.0038,0.0228,0.0762,0.1651,0.6878,-0.7489
arousal,emotion,0.0541,0.0133,0.0266,0.0233,0.0392,0.1565,0.8374,-0.8163
hedging,epistemic,0.0234,0.0628,0.0134,0.0262,0.0130,0.1388,0.4310,-0.0563
