,article drop,article 2.5%,article 97.5%,outlet drop,outlet 2.5%,outlet 97.5%
GROUP style,0.1733,0.1655,0.1845,0.3372,0.2889,0.3979
GROUP epistemic,0.0481,0.0446,0.0515,0.1428,0.1100,0.1854
log_length,0.0967,0.0896,0.1040,0.1348,0.0972,0.1748
attribution_density,0.0414,0.0381,0.0444,0.1188,0.0916,0.1429
exclamation_rate,0.0322,0.0263,0.0360,0.0489,0.0154,0.0811
caps_ratio,0.0257,0.0221,0.0281,0.0373,-0.0051,0.0581
GROUP emotion,0.0221,0.0171,0.0257,0.0249,0.0081,0.0419
mtld,0.0139,0.0100,0.0182,0.0244,-0.0140,0.0606
valence,0.0100,0.0064,0.0137,0.0191,0.0009,0.0436
certainty,0.0057,0.0026,0.0081,0.0123,-0.0046,0.0359
arousal,0.0020,-0.0005,0.0041,0.0039,-0.0131,0.0149
dominance,0.0051,0.0024,0.0077,0.0003,-0.0190,0.0169
hedging,0.0033,0.0002,0.0061,-0.0009,-0.0232,0.0238
flesch_kincaid,0.0035,-0.0001,0.0068,-0.0240,-0.0438,-0.0040
