,Very Low mean,Very Low SD,Low mean,Low SD,Mixed mean,Mixed SD,Mostly Factual mean,Mostly Factual SD,High mean,High SD,all mean,all SD
arousal,-0.00751,0.06023,-0.01307,0.05645,-0.01466,0.05602,-0.01616,0.05505,-0.01853,0.05457,-0.01508,0.05598
valence,0.11303,0.07852,0.11846,0.07435,0.12408,0.07515,0.12874,0.07302,0.1319,0.07032,0.1248,0.07383
dominance,0.13744,0.06622,0.14281,0.05834,0.14471,0.06151,0.14911,0.05808,0.15121,0.05549,0.14615,0.05919
attribution_density,0.00935,0.00726,0.00817,0.00692,0.01038,0.00759,0.01125,0.00788,0.01047,0.00769,0.00992,0.00755
hedging,0.00324,0.00353,0.00313,0.00341,0.0033,0.00354,0.00349,0.00353,0.00344,0.00346,0.00332,0.00349
certainty,0.00067,0.00143,0.00059,0.00127,0.00056,0.00129,0.0005,0.00113,0.00044,0.001,0.00053,0.0012
caps_ratio,0.00087,0.00297,0.00116,0.00713,0.00079,0.00475,0.00032,0.00205,0.00029,0.00157,0.00068,0.00451
exclamation_rate,0.02057,0.05291,0.0178,0.04699,0.00834,0.03003,0.00712,0.03014,0.00442,0.01836,0.01013,0.03477
flesch_kincaid,12.12384,2.96645,11.93086,2.68586,11.98317,2.74951,12.2197,2.26052,12.16875,2.33024,12.06205,2.5848
mtld,110.40392,27.6145,113.44961,27.83812,113.01088,26.98528,115.90607,25.64778,117.33153,27.58784,114.51536,27.34583
log_length,6.05643,0.57276,6.23132,0.58571,6.16121,0.567,6.32195,0.60795,6.40454,0.62628,6.25922,0.60464
