method,k,sil,ch,db,max_share
ward,5,0.008925441652536392,192.43616533900655,5.732753825686235,0.31824545030331314
complete,5,-0.0013062705984339118,104.0213134704213,9.059054616574906,0.36030931271248584
average,5,0.007980618625879288,2.2281060592229407,2.4690911837227048,0.9988667422171855
kmeans,5,0.02436501532793045,290.51667063684613,4.997898819652674,0.31764549030064665
ward,6,0.007266015745699406,177.56364814096153,5.911083151025704,0.2742483834411039
complete,6,-0.0020458560902625322,90.85325609102476,9.556192443040423,0.36030931271248584
average,6,0.002595914527773857,2.5780959779720742,2.940589547803718,0.997733484434371
kmeans,6,0.025673268362879753,266.71885426016615,4.871960371385636,0.2530497966802213
ward,7,0.008484353311359882,165.13011133481757,5.6671882076886595,0.2689820678621425
complete,7,-0.0008142481674440205,89.61874977315091,9.356987739950489,0.18492100526631558
average,7,-0.0025355473626405,2.340217737365577,2.587809125163989,0.997733484434371
kmeans,7,0.02645067870616913,245.7201204493219,4.88422575348538,0.19005399640023998
ward,8,0.009344439022243023,153.86989313226,5.997462567111107,0.2277181521231918
complete,8,-0.0005095288506709039,91.47794835557076,8.753169277251873,0.18492100526631558
average,8,-0.005441805813461542,9.557268006447579,3.0396919813673358,0.973401773215119
kmeans,8,0.026863502338528633,229.05979105984832,4.726579241478072,0.1832544497033531
ward,9,0.00939846783876419,144.5342172859412,5.670205592481109,0.2277181521231918
complete,9,-0.0014709202805534005,92.0664360125234,8.922058200693442,0.18492100526631558
average,9,-0.00655545387417078,8.501471021837883,2.8034569889986165,0.973401773215119
kmeans,9,0.02753453329205513,215.06141736092883,4.730441705950602,0.13865742283847743
ward,10,0.008130747824907303,137.18603249116,5.624757808114111,0.2277181521231918
complete,10,-0.0004407668602652848,92.22948980848474,8.577999100124233,0.18492100526631558
average,10,-0.0014723303029313684,40.7451947684344,3.1741800246609566,0.7461502566495567
kmeans,10,0.027730174362659454,203.03284656222098,4.603263412487633,0.1302579828011466
ward,11,0.009443648159503937,130.7362909995918,5.739721285343965,0.14132391173921738
complete,11,-0.00015841616550460458,93.31602661030267,8.547788785157907,0.12345843610425972
average,11,1.3143553587724455e-05,50.138906336500185,3.387796067418577,0.6698886740883941
kmeans,11,0.02783435583114624,192.45703195433,4.577198389606996,0.12605826278248117
ward,12,0.009909026324748993,124.71707110628918,5.544068297171683,0.14132391173921738
complete,12,-0.0006516909343190491,88.80125597735508,8.253727511921591,0.12345843610425972
average,12,-0.0027465790044516325,45.823412824186434,3.2688672453499756,0.6698886740883941
kmeans,12,0.0276726633310318,182.8000937576749,4.505914832216951,0.11705886274248384
ward,13,0.010499447584152222,119.72682494430308,5.478889239996277,0.14132391173921738
complete,13,-0.0007036292226985097,84.4282558723012,8.075569208643731,0.12345843610425972
average,13,-0.00470035569742322,42.296154142391245,3.2477585196993997,0.6698886740883941
kmeans,13,0.02753882110118866,174.36429046201522,4.5300218885273145,0.11559229384707687
ward,14,0.011168526485562325,115.24181730216486,5.313361113460203,0.14132391173921738
complete,14,8.234260167228058e-05,83.20639376165605,7.814368555980854,0.1189920671955203
average,14,-0.006895419210195541,39.37337439682899,3.2290873139798757,0.6698886740883941
kmeans,14,0.026629643514752388,166.2433845315495,4.604915272934622,0.11305912939137391
ward,15,0.010950063355267048,111.42013322288098,5.39577830025564,0.14132391173921738
complete,15,0.0007238535908982158,81.49437012359365,7.557481541084493,0.1189920671955203
average,15,-0.0035067633725702763,46.45328973826822,3.5901080972755093,0.5217652156522898
kmeans,15,0.0286136195063591,159.7627566580901,4.359167663903804,0.11005932937804147
ward,16,0.010173286311328411,107.95730971729898,5.479595042511764,0.12119192053863076
complete,16,4.3859736820195394e-07,80.12633848620472,7.308567615567576,0.1189920671955203
average,16,-0.0038888363633304834,43.531508844629876,3.5357481585931336,0.5217652156522898
kmeans,16,0.02788178250193596,152.89971624537483,4.486029152241915,0.10719285380974601
ward,17,0.011025388725101948,104.90161994992206,5.44207047247549,0.0968602093193787
complete,17,0.0009411622304469347,79.78969434039567,7.006676727519516,0.10845943603759749
average,17,-0.0038792253471910954,43.29077956534819,3.60946195825528,0.5050996600226652
kmeans,17,0.028327440842986107,147.80296186373963,4.4052373909452305,0.10405972935137657
ward,18,0.011187437921762466,101.84943099610847,5.379787754667827,0.08332777814812346
complete,18,0.0013639004901051521,77.1724217557353,6.962857099136787,0.1025931604559696
average,18,-0.003246423089876771,44.610747517969266,3.584129543360779,0.5050996600226652
kmeans,18,0.028143975883722305,142.57366408868648,4.3253495634545125,0.10632624491700553
ward,19,0.011131096631288528,99.13322518209264,5.286839502487972,0.08332777814812346
complete,19,0.0025728214532136917,77.3439420808077,6.8440783589194,0.1025931604559696
average,19,-0.004447503015398979,42.230787057781576,3.454302083477361,0.5050996600226652
kmeans,19,0.028563376516103745,138.50696940293358,4.390208084655108,0.07879474701686555
ward,20,0.011657451279461384,96.59855461602834,5.222722972693147,0.08332777814812346
complete,20,0.0023093940690159798,74.88957524651295,6.789691249493404,0.08819412039197387
average,20,-0.003077418077737093,45.018282882226714,3.513253100242321,0.45663622425171657
kmeans,20,0.02788759395480156,133.86076275537582,4.3841936181094265,0.07152856476234917
ward,21,0.011162259615957737,94.32147107508985,5.176643758494222,0.08332777814812346
complete,21,0.0029574469663202763,73.7670033098142,6.737090814311775,0.08819412039197387
average,21,-0.0038903681561350822,43.87658479697257,3.5418164803944117,0.45663622425171657
kmeans,21,0.028137674555182457,129.8491985384696,4.3242161886052175,0.0702619825344977
ward,22,0.011769107542932034,91.96236126800846,5.1859881603435145,0.08332777814812346
complete,22,0.00173010746948421,71.52999599851306,6.691631056903812,0.08819412039197387
average,22,-0.007804008666425943,41.84964554935432,3.4750441453137957,0.45663622425171657
kmeans,22,0.028276732191443443,126.09961841733592,4.357528632878134,0.06226251583227785
ward,23,0.011555526405572891,89.78602456939134,5.123057279652593,0.08332777814812346
complete,23,0.002235010964795947,70.2504963721496,6.531880101860331,0.08819412039197387
average,23,-0.00822046771645546,40.648716968613925,3.474315234853476,0.45663622425171657
kmeans,23,0.028175080195069313,122.77105633804355,4.354062680529288,0.06399573361775882
ward,24,0.011778464540839195,87.77005894849192,5.060876086805761,0.08332777814812346
complete,24,0.0024754423648118973,68.07765789772155,6.593261865993685,0.08819412039197387
average,24,-0.01040674839168787,38.934360600523746,3.3592278955429236,0.45663622425171657
kmeans,24,0.029973555356264114,120.04785601447841,4.260530989559589,0.06572895140323978
ward,25,0.012091059237718582,85.87955559309907,4.974681804616281,0.08332777814812346
complete,25,0.002764287171885371,66.42087029868809,6.6479790188314425,0.08819412039197387
average,25,-0.006176626775413752,44.16728466577249,3.461990848365713,0.29858009466035595
kmeans,25,0.03029009886085987,116.82976375947828,4.196117903726971,0.0644623691753883
ward,26,0.012011037208139896,84.12312084983907,4.92632500161543,0.08332777814812346
complete,26,0.002245433861389756,65.52139103618359,6.572724441174682,0.08819412039197387
average,26,-0.005149425473064184,44.623932374568966,3.4716925130480427,0.29858009466035595
kmeans,26,0.02989657036960125,114.220915197867,4.243351399448526,0.06112925804946337
ward,27,0.012308363802731037,82.43291197173562,4.854877721775178,0.08332777814812346
complete,27,0.0021861237473785877,64.91496580128269,6.463160135268679,0.08819412039197387
average,27,-0.007525150664150715,42.96710963014777,3.410689898133364,0.29844677021531896
kmeans,27,0.029493775218725204,111.24440933774929,4.195692528261956,0.05426304913005799
ward,28,0.01283700205385685,80.83681003354458,4.804461768007495,0.08332777814812346
complete,28,0.0026011464651674032,63.5870453853396,6.409896708421281,0.08819412039197387
average,28,-0.004303671419620514,46.709551876026204,3.458009530647497,0.29844677021531896
kmeans,28,0.03083779662847519,108.7320524699286,4.1845877022753575,0.06346243583761083
ward,29,0.012660724110901356,79.35915290117921,4.763263828384293,0.08332777814812346
complete,29,0.0024707780685275793,62.45007566627904,6.353539769483928,0.08819412039197387
average,29,-0.0047950418666005135,45.112493368763246,3.4230177825445596,0.29844677021531896
kmeans,29,0.03139365091919899,106.96129576722753,4.148946895706406,0.062395840277314846
ward,30,0.01248516421765089,77.91785350153418,4.764081154425633,0.08332777814812346
complete,30,0.0024464200250804424,61.13739043474999,6.302757722531363,0.08819412039197387
average,30,-0.002066149841994047,47.62982525441958,3.4522731283840216,0.21211919205386306
kmeans,30,0.03032727539539337,104.37491294105553,4.193132443251116,0.05452969802013199
ward,31,0.012147895991802216,76.56891301338784,4.787301297498182,0.08332777814812346
complete,31,0.0025020490866154432,59.63599682233595,6.291797488387847,0.08819412039197387
average,31,-0.0016271177446469665,47.30499525702053,3.457665888763689,0.21211919205386306
kmeans,31,0.0292955469340086,102.48768753198488,4.12362958459326,0.05546296913539098
ward,32,0.012176181189715862,75.28043407713182,4.743764643469417,0.08332777814812346
complete,32,0.0025729734916239977,58.804861828364906,6.223326981133524,0.08819412039197387
average,32,-0.001832367037422955,46.27305141111943,3.4733226281387877,0.21211919205386306
kmeans,32,0.029712297022342682,100.1581448615763,4.149251542832487,0.05726284914339044
ward,33,0.012504659593105316,74.03120721732078,4.682737039928458,0.08332777814812346
complete,33,0.0028712828643620014,57.825356012505665,6.157226290453055,0.08819412039197387
average,33,-0.0020536480005830526,44.898117641464395,3.451790998764907,0.21211919205386306
kmeans,33,0.031505730003118515,99.06889086080771,3.999604273161214,0.05179654689687354
ward,34,0.012646710500121117,72.8352722967038,4.686335184360294,0.08332777814812346
complete,34,0.0030319467186927795,57.10139600620437,6.078448483050787,0.08819412039197387
average,34,-0.002658579731360078,43.612574118121756,3.446143573812713,0.21211919205386306
kmeans,34,0.029812194406986237,97.04074697220646,4.047110693929959,0.05246316912205853
ward,35,0.013080306351184845,71.68501995981282,4.665611223133643,0.08332777814812346
complete,35,0.003340475494042039,56.67931443194046,6.016117780088787,0.08819412039197387
average,35,-0.0021845605224370956,43.45163554938428,3.448988898305165,0.20238650756616225
kmeans,35,0.03074794076383114,94.85494447541232,4.138407058552509,0.05119658689420705
ward,36,0.012668237090110779,70.56734669936172,4.675867986326241,0.08332777814812346
complete,36,0.003290785476565361,55.64651657920128,6.074503051113135,0.04979668022131858
average,36,-0.0014638642314821482,43.99876267700787,3.4576372925415173,0.20238650756616225
kmeans,36,0.029639840126037598,93.43355561882694,4.0970713721912,0.04926338244117059
ward,37,0.012568357400596142,69.49818989698198,4.665472432828093,0.08332777814812346
complete,37,0.0036622125189751387,55.01222466690984,6.000841145800968,0.04979668022131858
average,37,-0.0017231199890375137,42.847787156327584,3.442971648306696,0.20238650756616225
kmeans,37,0.029719583690166473,91.75335731263068,4.084683433484242,0.04399706686220919
ward,38,0.010415137745440006,68.46905080972475,4.678643666690491,0.08332777814812346
complete,38,0.004095547366887331,54.21448381389402,5.903620205721034,0.04979668022131858
average,38,-0.0019405828788876534,41.72292814066408,3.3752202386912473,0.20238650756616225
kmeans,38,0.03177642822265625,90.37053620725142,4.090003516614623,0.0487300846610226
ward,39,0.010590882040560246,67.49091981054725,4.651142356028919,0.08332777814812346
complete,39,0.004204848315566778,53.26817409896837,5.8429704010379115,0.04979668022131858
average,39,-0.0022205766290426254,40.702980712901905,3.3739462221434144,0.20238650756616225
kmeans,39,0.03242061287164688,89.28843575599518,4.00530218332864,0.049930004666355575
ward,40,0.010886955074965954,66.54016437348331,4.663586512491594,0.08332777814812346
complete,40,0.004476558417081833,52.446401832974935,5.812340745283988,0.04979668022131858
average,40,-0.0025974255986511707,39.71444571693751,3.3125099376567846,0.20238650756616225
kmeans,40,0.03303694352507591,87.64649839084935,3.9866950380801613,0.04706352909806013
ward,41,0.011159052141010761,65.62743302087425,4.64714387690128,0.08332777814812346
complete,41,0.004293334670364857,51.93783593938788,5.746091300030737,0.04979668022131858
average,41,-0.0007743526948615909,40.815505957426,3.314063754706006,0.1737217518832078
kmeans,41,0.030578451231122017,86.55554159523226,3.995571692099702,0.04539697353509766
ward,42,0.011474664323031902,64.75714324814415,4.636776342927673,0.08332777814812346
complete,42,0.003992733545601368,51.1174286300689,5.716404774296299,0.04979668022131858
average,42,-0.00097959628328681,39.93061383544941,3.301706972399726,0.1737217518832078
kmeans,42,0.03099709190428257,85.78744343793164,4.0035889622902845,0.04286380907939471
ward,43,0.011127985082566738,63.915216002554224,4.601493613952869,0.08332777814812346
complete,43,0.0037172469310462475,50.37434628973518,5.681013333711777,0.04979668022131858
average,43,-0.0014153028605505824,39.081524762294904,3.314894609176747,0.1726551563229118
kmeans,43,0.031866393983364105,84.55530653870001,3.9019141065009655,0.04166388907406173
ward,44,0.011436459608376026,63.09421712424143,4.568488933354173,0.08332777814812346
complete,44,0.003341011004522443,49.63569302060244,5.6635668172806835,0.04979668022131858
average,44,-0.00121966318693012,38.5909965354986,3.3532663499474045,0.1726551563229118
kmeans,44,0.030632292851805687,82.84867804839655,3.9716809737976173,0.04053063129124725
ward,45,0.010942881926894188,62.30172646199063,4.552334267253692,0.08332777814812346
complete,45,0.0036558376159518957,49.53605476195891,5.5988131590497465,0.04979668022131858
average,45,-0.0020113326609134674,37.74136984213153,3.2937304064099737,0.1726551563229118
kmeans,45,0.03270119056105614,81.58650494864769,3.9156132663664835,0.048863409106059595
ward,46,0.011105606332421303,61.53418764837206,4.514662016617626,0.08332777814812346
complete,46,0.003624937729910016,48.69721538492675,5.566581021758433,0.04979668022131858
average,46,-0.0017253134865313768,37.41095171604396,3.3154254031337476,0.1726551563229118
kmeans,46,0.03106692247092724,80.57671185292358,3.9932209426086254,0.04066395573628425
ward,47,0.009677069261670113,60.785975218303456,4.483647179929769,0.08332777814812346
complete,47,0.004015157464891672,48.403769085092684,5.5114676107964575,0.04979668022131858
average,47,-0.002534962259232998,36.63693600008928,3.2724791324520397,0.1726551563229118
kmeans,47,0.03205515444278717,79.66165262526216,3.936577107485203,0.04033064462369176
ward,48,0.009888336062431335,60.069277449557546,4.473367159115905,0.08332777814812346
complete,48,0.004252934828400612,48.70171830502283,5.467714001185186,0.04979668022131858
average,48,-0.0011131422361359,37.2218568179614,3.2807027333158696,0.1726551563229118
kmeans,48,0.03172827512025833,78.54159538040842,3.904701990777861,0.03926404906339578
ward,49,0.010162411257624626,59.37858347951925,4.4454830351657755,0.08332777814812346
complete,49,0.004266966134309769,48.02299448334489,5.44387606086384,0.04979668022131858
average,49,-0.0005916610825806856,37.30822357657522,3.287095982454975,0.1726551563229118
kmeans,49,0.03162068501114845,77.57172884050696,3.909482219707841,0.036864209052729816
ward,50,0.010272365994751453,58.71738564855,4.4347971708946945,0.08332777814812346
complete,50,0.004454225767403841,47.647810403510725,5.415956391673669,0.04979668022131858
average,50,-0.00011453672050265595,37.237041625726974,3.283860879137046,0.1726551563229118
kmeans,50,0.03165547549724579,76.93413371805052,3.919780374700008,0.03513099126724885
ward,51,0.010224703699350357,58.07930866803553,4.408646394821007,0.08332777814812346
complete,51,0.0048888991586863995,47.39925664297462,5.375402692572999,0.04979668022131858
average,51,-0.00017232165555469692,36.74141115726706,3.3214394298685495,0.1726551563229118
kmeans,51,0.03164767101407051,75.89711413912217,3.9048946435544822,0.03719752016532231
ward,52,0.010069075971841812,57.457916633630916,4.369505588977382,0.08332777814812346
complete,52,0.004989670589566231,47.003121948300866,5.339333233780514,0.04979668022131858
average,52,-0.0009607721585780382,36.05325279849874,3.292866752350563,0.1726551563229118
kmeans,52,0.031170740723609924,74.57397220828848,3.982217145068059,0.033264449036730884
ward,53,0.010378731414675713,56.86181876318646,4.374695736886769,0.08332777814812346
complete,53,0.004966933745890856,46.44238516337773,5.359667475222889,0.04766348910072662
average,53,-0.001029825652949512,35.38665644386986,3.260906077914274,0.1726551563229118
kmeans,53,0.03310176357626915,74.3288005097615,3.8466030229160766,0.04226384907672822
ward,54,0.01081046462059021,56.2876309193392,4.375202586663153,0.08332777814812346
complete,54,0.005212778691202402,46.05008202820493,5.3410098310236815,0.04766348910072662
average,54,-0.0011788021074607968,34.91602907294862,3.2449366153254875,0.1726551563229118
kmeans,54,0.0323806032538414,73.01093255257739,3.87929928861637,0.039330711285914276
ward,55,0.01077522337436676,55.731644231501924,4.356310123592006,0.08332777814812346
complete,55,0.005414117127656937,45.5677367238903,5.319370034957672,0.04766348910072662
average,55,-0.001836057286709547,34.31412375713083,3.235275366926605,0.1726551563229118
kmeans,55,0.03249453008174896,71.98851664048553,3.8983555889855817,0.035797613492433836
ward,56,0.011295796371996403,55.191639823160784,4.456493004868177,0.05346310245983601
complete,56,0.005787747912108898,45.32766465170132,5.271089199675869,0.04766348910072662
average,56,-0.001071764389052987,34.49173974873133,3.262049802910624,0.1726551563229118
kmeans,56,0.03091205283999443,71.18283434320409,3.9360218384840464,0.030064662355842944
ward,57,0.01141476258635521,54.666157439824474,4.458171939173221,0.05346310245983601
complete,57,0.0060789575800299644,44.9908766268444,5.235663877226862,0.04766348910072662
average,57,-0.001931061502546072,33.9088350436903,3.233829602870065,0.1726551563229118
kmeans,57,0.0313158817589283,70.24297891218582,3.965764040060536,0.031664555696286914
ward,58,0.01193721778690815,54.14560117209267,4.454306861949163,0.05346310245983601
complete,58,0.006330433301627636,44.88432139779339,5.20395852590783,0.04766348910072662
average,58,-0.00036798810469917953,34.68349979035406,3.2378296224877205,0.1726551563229118
kmeans,58,0.03236416354775429,69.66079472861145,3.9022027004958213,0.03813079128058129
ward,59,0.012234355323016644,53.64364481804824,4.413753006282721,0.05346310245983601
complete,59,0.006447634194046259,44.593909630817386,5.171476990212596,0.04766348910072662
average,59,0.001141809276305139,35.41643936661123,3.235404586039964,0.1726551563229118
kmeans,59,0.03258620202541351,68.79846392413435,3.869960006198833,0.02979801346576895
ward,60,0.012419651262462139,53.15909919951681,4.394666119522699,0.05346310245983601
complete,60,0.006593808066099882,44.136587962018126,5.133711334795831,0.04766348910072662
average,60,0.0012525690253823996,35.03660022382405,3.2555640539981066,0.1726551563229118
kmeans,60,0.03375792130827904,68.3471177703455,3.8485599323653124,0.03186454236384241
