repeat,features,model,article QWK,article macro F1,article accuracy,outlet QWK,outlet macro F1,outlet accuracy,seconds
0,text only,ordinal logit,0.22953003309087072,0.22119776824444543,0.3492571228806153,0.4503231192158782,0.22596961394245688,0.3981042654028436,10.07205605506897
0,text only,random forest,0.23345701586615708,0.250542093444424,0.29211676280370563,0.5233850583906576,0.29584792141133287,0.44075829383886256,74.05105209350586
0,text only,boosting,0.22948234185108107,0.23961122463266693,0.2613004719454641,0.5341324847644109,0.34476822371161797,0.4075829383886256,165.52724695205688
0,bias only,ordinal logit,0.6657304832522455,0.36622567439948506,0.5491872050340849,0.6791521847070507,0.3708127949883233,0.5545023696682464,3.697598934173584
0,bias only,random forest,0.7496302520540421,0.3565394281708182,0.4078307988113966,0.7579941031291847,0.3692032343496339,0.4218009478672986,12.65063190460205
0,bias only,boosting,0.7496302520540421,0.3565394281708182,0.4078307988113966,0.7579941031291847,0.3692032343496339,0.4218009478672986,61.03108501434326
0,text + bias,ordinal logit,0.6956415808567711,0.3819927354775837,0.564062226883412,0.685700099304866,0.3741741395261384,0.5592417061611374,16.98364019393921
0,text + bias,random forest,0.7186594097924668,0.3989728971592226,0.47213773815766474,0.7473353159459957,0.40244275840455507,0.4881516587677725,59.51433181762695
0,text + bias,boosting,0.7150526979713683,0.3983747114526497,0.4593777311658801,0.74753575294855,0.4155357868436417,0.4834123222748815,197.87921619415283
1,text only,ordinal logit,0.23087523647602926,0.2192521485292272,0.3468624366369516,0.49992051678540983,0.2319105255336022,0.41706161137440756,11.240437984466553
1,text only,random forest,0.23132093031812861,0.244111562258377,0.28533473169026397,0.5375097221240189,0.3038026169371858,0.45023696682464454,114.58483791351318
1,text only,boosting,0.2239260834672121,0.23417380717832215,0.25561964691487504,0.561505129112133,0.37239166291797865,0.43601895734597157,225.0692629814148
1,bias only,ordinal logit,0.6566624611810012,0.3660613274956237,0.5466002447124628,0.6747786753828161,0.3720242914979757,0.5545023696682464,4.833110094070435
1,bias only,random forest,0.7172019386874856,0.37137111985044013,0.4196643943366544,0.7280226862593452,0.3817197147951745,0.4312796208530806,15.627655029296875
1,bias only,boosting,0.7091126720530416,0.3837907525455734,0.4258870826778535,0.7202111707335208,0.3934020061384828,0.43601895734597157,86.48435711860657
1,text + bias,ordinal logit,0.6820512178129375,0.3758855659330382,0.55402901590631,0.6844103547459253,0.37455408716405786,0.5592417061611374,20.346275091171265
1,text + bias,random forest,0.7104660490825823,0.39871964357527506,0.4689215172172697,0.726659639051526,0.39638159656000865,0.4834123222748815,84.64837193489075
1,text + bias,boosting,0.710964322726617,0.4022922088820076,0.461178115714036,0.7352436557322476,0.41753391687152214,0.4928909952606635,236.24029898643494
