cluster,label,political,cap_code,n_political,political_share,delta,abs_delta,z,ci_lo,ci_hi,abs_ci_lo,abs_ci_hi,ci_country_lo,ci_country_hi,zero_share,rank_abs,delta_us_only,delta_mixed_plus,delta_all_articles,delta_alpha_100,delta_alpha_10000
0,Latin America & US border,True,19,46980,0.58532,-0.30700,0.30700,-33.16952,-0.64716,0.01181,0.02008,0.64716,-0.59626,0.01074,0.00000,5,-0.19742,-0.42078,-0.39047,-0.30739,-0.30316
1,Health: diet & drugs,True,3,11849,0.14291,-0.10130,0.10130,-5.73090,-0.34287,0.16597,0.00593,0.34329,-0.35367,0.15157,0.00000,22,-0.05853,-0.12367,-0.00129,-0.10143,-0.10002
2,US pro sports,False,29,11253,0.11030,-0.21387,0.21387,-11.07490,-0.52640,0.12144,0.01557,0.52640,-0.49817,0.10374,0.00000,14,-0.25894,-0.05267,-0.62302,-0.21414,-0.21122
3,Music,False,28,9381,0.17488,-0.06584,0.06584,-3.19099,-0.43003,0.26554,0.00666,0.43003,-0.43687,0.27477,0.00000,28,-0.10914,-0.15609,-0.25828,-0.06592,-0.06500
4,Celebrity & soaps,False,28,9448,0.15279,0.03463,0.03463,1.52985,-0.21056,0.27352,0.00495,0.28202,-0.22237,0.27030,0.00000,32,0.04830,0.02832,-0.27321,0.03467,0.03421
5,Russia & Eastern Europe,True,19,62896,0.55615,0.13375,0.13375,15.15728,-0.35511,0.65517,0.01318,0.66358,-0.37375,0.62195,0.00000,19,-0.03600,-0.00097,0.13340,0.13394,0.13183
6,Asia-Pacific,True,19,41988,0.40566,0.18988,0.18988,16.87893,-0.11042,0.49652,0.01466,0.49652,-0.09933,0.45560,0.00000,16,0.25901,0.19716,0.23565,0.19015,0.18722
7,Transport,True,10,10396,0.17611,0.06434,0.06434,3.08716,-0.11697,0.25948,0.00505,0.26279,-0.11809,0.25063,0.00000,29,0.05964,0.06233,-0.13210,0.06442,0.06351
8,US Congress,True,20,216921,0.79301,-0.09138,0.09138,-20.07892,-0.28202,0.08182,0.00506,0.28202,-0.24005,0.05659,0.00000,24,-0.15083,-0.07322,-0.10323,-0.09150,-0.09023
9,Environment & energy,True,7,36751,0.37240,-0.08177,0.08177,-9.02316,-0.69932,0.44998,0.00826,0.70916,-0.69472,0.49949,0.00000,27,0.08013,-0.32826,-0.00483,-0.08188,-0.08074
10,Film & theatre,False,28,9944,0.13633,0.19765,0.19765,9.13523,-0.02710,0.46651,0.01067,0.46651,-0.05134,0.45355,0.00000,15,0.22464,0.20844,-0.24797,0.19790,0.19516
11,Business & markets,True,15,28639,0.33870,0.26689,0.26689,23.30055,0.06664,0.47419,0.06664,0.47419,0.07187,0.46663,0.00000,8,0.26558,0.04305,0.33170,0.26724,0.26343
12,US regional & local,True,24,54035,0.37588,0.02911,0.02911,3.29644,-0.17286,0.24726,0.00395,0.25379,-0.16734,0.22240,0.00000,33,0.00620,0.13055,-0.07673,0.02914,0.02874
13,Lifestyle,False,99,25464,0.16163,0.23272,0.23272,19.44804,0.00533,0.48912,0.02141,0.48912,0.00354,0.48171,0.00000,12,0.31436,0.01509,-0.00001,0.23302,0.22978
14,UK football & rugby,False,29,3470,0.07738,-0.18062,0.18062,-3.77815,-1.17458,0.70070,0.01442,1.20154,-1.00089,0.60433,0.00000,17,-0.11504,0.27450,-0.32605,-0.18086,-0.17829
15,Crime & justice,True,12,54984,0.37692,-0.04840,0.04840,-5.64165,-0.31726,0.24390,0.00439,0.33851,-0.29146,0.24241,0.00000,31,-0.07714,0.15422,-0.14465,-0.04846,-0.04779
16,Mixed: US political figures & misc,True,20,63688,0.44334,-0.08842,0.08842,-10.50951,-0.24687,0.08211,0.00438,0.24687,-0.23796,0.07921,0.00000,26,-0.10000,-0.06431,-0.03655,-0.08853,-0.08730
17,UK domestic affairs,True,99,20938,0.22848,-0.25421,0.25421,-15.65040,-0.86463,0.37819,0.01115,0.86463,-0.80162,0.33416,0.00000,9,0.11870,-0.06906,-0.35398,-0.25454,-0.25103
18,Economy & welfare,True,1,66414,0.49719,-0.10888,0.10888,-13.67494,-0.31458,0.12015,0.00581,0.31458,-0.32724,0.13912,0.00000,20,-0.09865,0.09280,-0.11167,-0.10901,-0.10751
19,Military & defence,True,16,51166,0.49588,0.21747,0.21747,23.53053,0.00539,0.44076,0.02012,0.44076,-0.01289,0.45717,0.00000,13,0.04935,0.19150,0.38406,0.21776,0.21461
20,Foreign national politics,True,19,76203,0.65781,-0.57398,0.57398,-72.82209,-1.12983,0.05962,0.04657,1.12983,-1.10441,-0.02332,0.00000,3,-0.41408,-0.41024,-0.46382,-0.57471,-0.56669
21,US investigations,True,20,88049,0.77155,0.09122,0.09122,13.01905,-0.08012,0.25510,0.00271,0.25510,-0.06581,0.24326,0.00000,25,0.02272,-0.04704,0.06406,0.09134,0.09006
22,Partisan media,True,17,133175,0.74786,-0.09183,0.09183,-15.86587,-0.28726,0.09283,0.00472,0.28726,-0.28653,0.09892,0.00000,23,-0.14276,-0.10328,-0.09669,-0.09195,-0.09067
23,Space & nature,True,17,7906,0.11291,-0.27884,0.27884,-13.50278,-0.80507,0.19599,0.01000,0.80507,-0.76569,0.21699,0.00000,6,-0.15412,-0.43761,-0.11994,-0.27920,-0.27534
24,Abortion & rights,True,2,33243,0.46507,0.05798,0.05798,5.58523,-0.45206,0.55277,0.00936,0.58857,-0.47186,0.59141,0.00000,30,0.19115,0.31511,0.20073,0.05806,0.05728
25,Election administration,True,20,94864,0.85641,-0.10487,0.10487,-15.66965,-0.30965,0.08293,0.00597,0.30965,-0.27497,0.06433,0.00000,21,-0.14507,-0.03601,-0.11998,-0.10500,-0.10355
26,Olympic & individual sports,False,29,5713,0.07707,-0.24054,0.24054,-8.09120,-0.54772,0.09844,0.01923,0.54772,-0.51384,0.06304,0.00000,11,-0.13496,-0.11247,-0.32605,-0.24085,-0.23753
27,Middle East & Afghanistan,True,19,60302,0.50998,0.17247,0.17247,20.28034,-0.20279,0.56444,0.01079,0.56444,-0.21188,0.52469,0.00000,18,0.04328,0.13534,0.21084,0.17271,0.17011
28,Health & COVID,True,3,31634,0.20618,0.59717,0.59717,53.33920,0.36272,0.83833,0.36272,0.83833,0.35019,0.84476,0.00000,2,0.64289,0.16994,0.48945,0.59802,0.58883
29,Race & extremism,True,2,65580,0.47257,0.27627,0.27627,37.67275,0.12371,0.42384,0.12371,0.42384,0.13206,0.42536,0.00000,7,0.26399,0.17175,0.32469,0.27663,0.27274
30,Education,True,6,21314,0.29460,0.55043,0.55043,41.83196,-0.00340,1.04963,0.03422,1.04963,0.00679,1.04213,0.00000,4,0.60660,0.94608,0.48577,0.55119,0.54294
31,Technology & cyber,True,17,19258,0.23439,0.24611,0.24611,18.02961,-0.11050,0.58300,0.02410,0.58300,-0.11234,0.59566,0.00000,10,0.22933,0.15174,0.13469,0.24643,0.24291
32,European club football,False,29,6477,0.10231,-0.69218,0.69218,-23.56710,-1.06079,-0.33994,0.33994,1.06079,-1.00840,-0.35737,0.00000,1,-0.68987,-0.76420,-0.57041,-0.69312,-0.68301
