topic_cluster_model,delta,delta_us_only,delta_mixed_plus,delta_all_articles,abs_delta
0,-0.30700,-0.19742,-0.42078,-0.39047,0.30700
1,-0.10130,-0.05853,-0.12367,-0.00129,0.10130
2,-0.21387,-0.25894,-0.05267,-0.62302,0.21387
3,-0.06584,-0.10914,-0.15609,-0.25828,0.06584
4,0.03463,0.04830,0.02832,-0.27321,0.03463
5,0.13375,-0.03600,-0.00097,0.13340,0.13375
6,0.18988,0.25901,0.19716,0.23565,0.18988
7,0.06434,0.05964,0.06233,-0.13210,0.06434
8,-0.09138,-0.15083,-0.07322,-0.10323,0.09138
9,-0.08177,0.08013,-0.32826,-0.00483,0.08177
10,0.19765,0.22464,0.20844,-0.24797,0.19765
11,0.26689,0.26558,0.04305,0.33170,0.26689
12,0.02911,0.00620,0.13055,-0.07673,0.02911
13,0.23272,0.31436,0.01509,-0.00001,0.23272
15,-0.04840,-0.07714,0.15422,-0.14465,0.04840
16,-0.08842,-0.10000,-0.06431,-0.03655,0.08842
17,-0.25421,0.11870,-0.06906,-0.35398,0.25421
18,-0.10888,-0.09865,0.09280,-0.11167,0.10888
19,0.21747,0.04935,0.19150,0.38406,0.21747
20,-0.57398,-0.41408,-0.41024,-0.46382,0.57398
21,0.09122,0.02272,-0.04704,0.06406,0.09122
22,-0.09183,-0.14276,-0.10328,-0.09669,0.09183
23,-0.27884,-0.15412,-0.43761,-0.11994,0.27884
24,0.05798,0.19115,0.31511,0.20073,0.05798
25,-0.10487,-0.14507,-0.03601,-0.11998,0.10487
27,0.17247,0.04328,0.13534,0.21084,0.17247
28,0.59717,0.64289,0.16994,0.48945,0.59717
29,0.27627,0.26399,0.17175,0.32469,0.27627
30,0.55043,0.60660,0.94608,0.48577,0.55043
31,0.24611,0.22933,0.15174,0.13469,0.24611
32,-0.69218,-0.68987,-0.76420,-0.57041,0.69218
-1,-0.22423,-0.13281,0.01165,-0.32754,0.22423
