,equal,sqrt_n,capped,pooled,trim10,big_only,mean_logodds,side_R2
0 Latin America & US border,-0.3070,-0.0121,0.1164,0.1342,-0.0359,-0.0107,-0.1348,0.0073
1 Health: diet & drugs,-0.1013,-0.1234,-0.1384,-0.2046,-0.1148,-0.0821,-0.2073,0.0134
2 US pro sports,-0.2139,-0.1425,-0.0641,-0.0456,-0.1158,-0.2669,-0.2309,0.0067
3 Music,-0.0658,0.0512,0.1109,0.0752,0.1685,0.0757,0.0735,0.0019
4 Celebrity & soaps,0.0346,0.0644,0.1176,0.1008,0.0983,0.0214,-0.0762,0.0014
5 Russia & Eastern Europe,0.1337,0.2344,0.3161,0.3164,0.0984,0.2576,0.0162,0.0001
6 Asia-Pacific,0.1899,0.1788,0.1618,0.1100,0.1620,0.2611,0.2600,0.0192
7 Transport,0.0643,0.0868,0.1359,0.0750,0.0797,0.0524,0.0391,0.0005
8 US Congress,-0.0914,-0.1538,-0.1728,-0.1221,-0.1059,-0.2055,-0.0168,0.0001
9 Environment & energy,-0.0818,-0.0319,-0.0395,-0.0672,-0.1946,0.0706,-0.1596,0.0066
10 Film & theatre,0.1976,0.2101,0.2495,0.2044,0.2325,0.1969,0.1390,0.0051
11 Business & markets,0.2669,0.1571,0.0971,0.1046,0.2306,0.1158,0.1408,0.0096
12 US regional & local,0.0291,-0.0465,-0.0780,-0.0713,-0.0483,-0.0566,-0.0171,0.0001
13 Lifestyle,0.2327,0.1239,0.1009,0.0975,0.1798,0.0719,0.1507,0.0158
14 UK football & rugby,-0.1806,-0.1961,-0.0493,-0.3678,-0.6304,-0.1315,-0.4664,0.0116
15 Crime & justice,-0.0484,0.0278,0.0489,0.0291,-0.0767,0.0316,-0.1126,0.0051
16 Mixed: US political figures & misc,-0.0884,-0.1084,-0.0901,-0.0996,-0.1007,-0.1582,-0.1290,0.0102
17 UK domestic affairs,-0.2542,-0.1868,-0.0538,-0.2622,-0.0725,-0.2224,-0.1001,0.0014
18 Economy & welfare,-0.1089,-0.1034,-0.0989,-0.1188,-0.2312,-0.0883,-0.2596,0.0320
19 Military & defence,0.2175,0.2020,0.1530,0.1875,0.1051,0.2613,0.0963,0.0037
20 Foreign national politics,-0.5740,-0.2431,-0.0508,-0.2102,-0.3502,-0.2191,-0.2065,0.0074
21 US investigations,0.0912,-0.0100,-0.0684,-0.0234,0.0999,-0.0076,0.0891,0.0031
22 Partisan media,-0.0918,-0.1418,-0.1654,-0.1152,-0.0423,-0.1770,0.0119,0.0000
23 Space & nature,-0.2788,-0.1923,-0.1673,-0.2430,-0.2232,-0.1039,-0.3041,0.0212
24 Abortion & rights,0.0580,0.0111,-0.0275,-0.0499,-0.2403,0.1801,-0.3391,0.0281
25 Election administration,-0.1049,-0.0926,-0.0817,-0.0486,-0.0234,-0.1684,-0.0708,0.0019
26 Olympic & individual sports,-0.2405,-0.1227,-0.0100,-0.1128,-0.1413,-0.1933,-0.2136,0.0071
27 Middle East & Afghanistan,0.1725,0.2373,0.2259,0.2372,0.1576,0.2364,0.0988,0.0024
28 Health & COVID,0.5972,0.3419,0.2139,0.1787,0.4649,0.3309,0.3873,0.0551
29 Race & extremism,0.2763,0.2611,0.2316,0.2365,0.2839,0.2575,0.2355,0.0428
30 Education,0.5504,0.4484,0.3645,0.3362,0.1442,0.6458,0.1446,0.0065
31 Technology & cyber,0.2461,0.2394,0.2424,0.2143,0.2805,0.1668,0.1617,0.0106
32 European club football,-0.6922,-0.4155,-0.2938,-0.3199,-0.6263,-0.3879,-0.6131,0.0477
