topic_cluster_model,framing,framing_z
0,0.10809,0.65733
1,0.07509,-1.00668
2,0.10154,0.32722
3,0.07998,-0.75992
4,0.08369,-0.57291
5,0.07847,-0.83609
6,0.08933,-0.28829
7,0.09639,0.06747
8,0.08153,-0.68172
9,0.14906,2.72333
10,0.07518,-1.00201
11,0.11770,1.14214
12,0.07165,-1.17983
13,0.08157,-0.67970
15,0.08135,-0.69071
16,0.09504,-0.00053
17,0.11044,0.77606
18,0.09156,-0.17587
19,0.10312,0.40675
20,0.08371,-0.57160
21,0.12085,1.30101
22,0.08413,-0.55059
23,0.12597,1.55903
24,0.13640,2.08477
25,0.10108,0.30387
27,0.07141,-1.19206
28,0.12141,1.32915
29,0.08222,-0.64707
30,0.09726,0.11132
31,0.07429,-1.04663
32,0.09088,-0.21057
-1,0.08123,-0.69668
