cluster,framing,raw,outlets,left,right,ci_lo,ci_hi,half_a,half_b,label,political,political_share,framing_us_only,framing_mixed_plus,framing_no_emotion_words
0,0.10179,0.28381,207,80,116,0.30323,0.36235,0.08370,0.08127,Latin America & US border,True,0.58532,0.10571,0.08172,0.13001
1,0.06905,0.29621,194,79,105,0.33430,0.39650,0.05309,0.05493,Health: diet & drugs,True,0.14291,0.08782,0.04032,0.10044
2,0.09218,0.33537,174,69,94,0.36535,0.43440,0.07035,0.07427,US pro sports,False,0.11030,0.09408,0.06823,0.13125
3,0.08480,0.32437,185,74,101,0.35914,0.42940,0.06673,0.06549,Music,False,0.17488,0.08255,0.05160,0.10925
4,0.08432,0.34521,181,73,98,0.38038,0.46594,0.06165,0.06718,Celebrity & soaps,False,0.15279,0.09531,0.06718,0.12156
5,0.07159,0.24491,202,79,112,0.26237,0.32440,0.05459,0.05441,Russia & Eastern Europe,True,0.55615,0.05972,0.06068,0.09291
6,0.08266,0.26965,199,78,110,0.29232,0.36004,0.06766,0.06863,Asia-Pacific,True,0.40566,0.08729,0.05399,0.11511
7,0.09565,0.32957,185,71,104,0.36118,0.42995,0.07406,0.07877,Transport,True,0.17611,0.09888,0.05215,0.12897
8,0.08125,0.22745,209,80,118,0.24481,0.29352,0.06731,0.06670,US Congress,True,0.79301,0.08548,0.04960,0.10643
9,0.14552,0.31330,202,80,111,0.32113,0.38873,0.12106,0.12527,Environment & energy,True,0.37240,0.13866,0.11292,0.18539
10,0.07065,0.31797,178,73,96,0.35514,0.43215,0.05714,0.05547,Film & theatre,False,0.13633,0.06789,0.04896,0.08547
11,0.10637,0.29154,204,79,114,0.30661,0.36942,0.08697,0.08763,Business & markets,True,0.33870,0.11053,0.06219,0.14545
12,0.06903,0.24747,202,78,113,0.27739,0.32190,0.05813,0.05245,US regional & local,True,0.37588,0.07242,0.04401,0.09078
13,0.08351,0.28551,209,80,118,0.31168,0.36752,0.06619,0.06487,Lifestyle,False,0.16163,0.08398,0.06017,0.11392
14,0.03566,0.47446,69,32,32,0.54243,0.73562,0.02629,0.02088,UK football & rugby,False,0.07738,0.04152,0.04300,0.05818
15,0.07701,0.25062,205,79,115,0.27535,0.32294,0.06134,0.06105,Crime & justice,True,0.37692,0.08287,0.04736,0.10910
16,0.08411,0.26982,209,80,118,0.29217,0.35071,0.06699,0.06884,Mixed: US political figures & misc,True,0.44334,0.08790,0.04433,0.10291
17,0.11517,0.37055,178,72,96,0.40187,0.48349,0.09538,0.09229,UK domestic affairs,True,0.22848,0.12963,0.07450,0.14883
18,0.09036,0.25991,208,82,115,0.27488,0.33097,0.07341,0.07586,Economy & welfare,True,0.49719,0.09876,0.05591,0.10594
19,0.09350,0.26436,205,79,115,0.28175,0.33832,0.07789,0.07493,Military & defence,True,0.49588,0.10049,0.06848,0.11858
20,0.08413,0.27348,201,80,110,0.29282,0.35898,0.06680,0.06565,Foreign national politics,True,0.65781,0.08413,0.05048,0.10771
21,0.12170,0.27796,209,80,118,0.28707,0.34924,0.10132,0.10510,US investigations,True,0.77155,0.13017,0.07821,0.17645
22,0.08741,0.23580,208,80,117,0.25252,0.30538,0.07139,0.07280,Partisan media,True,0.74786,0.08828,0.05950,0.11787
23,0.11303,0.36838,184,76,98,0.39970,0.47440,0.09382,0.09537,Space & nature,True,0.11291,0.11812,0.06438,0.13579
24,0.11695,0.29539,196,80,105,0.31295,0.37318,0.09882,0.09723,Abortion & rights,True,0.46507,0.13408,0.08516,0.13392
25,0.09838,0.25637,208,80,117,0.27277,0.32080,0.08175,0.08229,Election administration,True,0.85641,0.09844,0.05737,0.13198
26,0.07461,0.35796,159,66,83,0.40179,0.49713,0.06024,0.05322,Olympic & individual sports,False,0.07707,0.08609,0.06208,0.09797
27,0.06631,0.23830,204,80,113,0.26108,0.31020,0.05059,0.05156,Middle East & Afghanistan,True,0.50998,0.06522,0.05486,0.09834
28,0.11047,0.28928,203,79,113,0.30519,0.36920,0.09179,0.09370,Health & COVID,True,0.20618,0.11823,0.06773,0.12863
29,0.07865,0.23309,210,81,118,0.25297,0.29949,0.06465,0.06373,Race & extremism,True,0.47257,0.07908,0.05279,0.08899
30,0.08698,0.29341,198,75,112,0.31629,0.37764,0.06858,0.07058,Education,True,0.29460,0.08933,0.06345,0.11537
31,0.07438,0.27022,203,81,111,0.29900,0.36001,0.06140,0.05856,Technology & cyber,True,0.23439,0.07972,0.03839,0.09471
32,0.08931,0.35291,151,65,76,0.38951,0.47603,0.07529,0.07638,European club football,False,0.10231,0.10135,0.05628,0.13606
