"fact_c","part_z","fact_c:part_z"
-0.0236597288755967,-0.108148610757221,-0.00713060465947273
-0.0372876953953735,-0.087380082759527,0.00482358765376765
-0.03392495860971,-0.107462342592407,0.000140646592104027
-0.0207938326715771,-0.0983513318103461,0.0022759743139628
-0.0283597495228288,-0.103753800836656,0.000312995312739623
-0.039309932200084,-0.0925163051901243,-0.00415459657471746
-0.0261904498597727,-0.106746276885683,0.00283829942662228
-0.0325522836863328,-0.0972487080272333,-7.44170196971928e-05
-0.030573608916704,-0.0981043235150423,-0.00163613009358084
-0.0403501852640044,-0.119650191229427,-0.00492375804667236
-0.0373320697944883,-0.0984361137925844,0.00583294363247467
-0.0258372623279336,-0.103592386523875,0.00314866056416686
-0.048880803717373,-0.104798402443911,0.00141254709331502
-0.0400625819059054,-0.099001048633978,0.00357159626612082
-0.0440241894936575,-0.0949685381766106,0.00233962521222824
-0.024601374167937,-0.102945618243547,-0.00287387945302221
-0.050218302356478,-0.105881099830127,0.00481586368951714
-0.00816748154154365,-0.0964222257081826,-0.00469745148242257
-0.025392275252619,-0.0981401282029001,0.00094429720115502
-0.0281535439880469,-0.091330341264707,0.000240497631240225
-0.0333982892454192,-0.0987635073714936,-0.00227206460575573
-0.0464391587989064,-0.101766755838916,-0.00111353384415008
-0.0238157969464716,-0.0982329051653735,-0.0025417458294884
-0.0497202099672119,-0.100135819142999,0.00406708630102083
-0.00802726809318945,-0.0989126499205604,-0.000707450610387066
-0.0188969775257009,-0.100344766189764,0.00298295527037121
-0.0373430165048489,-0.100098767235693,0.00292655961489559
-0.0306195664608458,-0.102759430125086,0.00365503717111018
-0.0384430447383546,-0.0951979855894313,-0.00768157114383534
-0.0305772958052219,-0.0907191157843003,-0.00365249471232942
-0.0367492587180367,-0.0922221337967283,-0.00114771377272562
-0.0484527092519633,-0.0973593104796807,0.0048633372721902
-0.0344403431997166,-0.104618491490378,0.00340295056989341
-0.0447862846410678,-0.111304786630494,-0.00148467668091497
-0.0261914786044674,-0.0965358542573957,0.0025920047585282
-0.0295455919283879,-0.108654917753482,-0.00153782778317404
-0.0319771502396303,-0.102767996703283,4.53649324240331e-05
-0.0259592776632361,-0.0965876561724579,-0.0016279414260841
-0.0469512804234799,-0.0996932112257585,-0.00239458132008027
-0.0237008623213079,-0.0992841459803555,-0.00255485785901775
-0.0266510158789241,-0.109029354359808,0.00826602901644371
-0.0372183536065294,-0.104612517610059,-0.00408210455123462
0.00453863442904557,-0.0919735337905259,-0.00620964334363937
-0.0206703529564914,-0.104119657658348,-0.00305667278857218
-0.0411526789193026,-0.10476609458094,-0.000864296901391898
-0.023092217275086,-0.108488002702602,0.00052104571709986
-0.0430799175420988,-0.101671918150475,0.00049552289068665
-0.0421334679877422,-0.0976926260449397,0.00603836300486717
-0.0121258926586022,-0.104239700056504,-0.00209815817054112
-0.0535427163823342,-0.0988839675629748,0.00198288705993819
-0.0246058097701776,-0.104764256537051,-0.00498984692524237
-0.0371901239089208,-0.10012456272222,0.000131345977503087
-0.0432372661707357,-0.100766414134453,0.0066228929461625
-0.0122749400943468,-0.104468265703586,-0.00616856394133496
-0.0378488407038356,-0.102222887152125,0.00420253158704626
-0.0300317073596911,-0.0915336092107242,-0.00415848385230022
-0.0334662194310152,-0.098884668407819,0.00128989124790608
-0.0178155215785592,-0.0951916374387982,-0.00473584415227345
-0.0408997307566285,-0.110987012136261,-0.00454025227738545
-0.033436507815143,-0.0942013855971501,0.000868236352840774
-0.0360035965213941,-0.097269232102037,0.000867032588938707
-0.022172231438175,-0.108435196497242,-0.00277734726284984
-0.0116226403085047,-0.105426488089225,0.00227392845561973
-0.0325384596552686,-0.104748956160503,0.00875638343185755
-0.0456742338609598,-0.0887591296990789,0.00307139387976878
-0.0303727975559895,-0.10118371809951,0.00279191662832163
-0.0294602527200916,-0.107093760438049,0.00451629085377059
-0.0154878117452257,-0.103343196259735,-0.00308092425909879
-0.0646243042549624,-0.102034062319351,0.00219997581899738
-0.0139179450192704,-0.100011249303156,0.00356998449705925
-0.030885161233433,-0.0937133040167741,0.00504192859264616
-0.0348657099856454,-0.0984581144078283,0.00535237358503323
-0.04856486115206,-0.0878024862525158,0.00061757747908803
-0.0183132102394507,-0.104413371060289,0.00459505054488733
-0.0288450749889247,-0.101486299284175,0.00272672258470636
-0.0389829791902795,-0.10527415943373,0.00211214243686511
-0.0380605197989882,-0.109225943414997,0.0017458363486919
-0.0468397753682434,-0.100854374965652,0.00332953278959694
-0.039470572359055,-0.0974896246572753,0.00416862060277708
-0.0273268658035342,-0.0979626031036373,0.000913907391336485
-0.0343174376247989,-0.104705915365445,0.00323369169004225
-0.0559449066267916,-0.106879098924336,0.0037109648526359
-0.0373879688984468,-0.102758246154719,0.00485095211936752
-0.031155729337641,-0.0954529798083415,-2.28169498376983e-05
-0.0515220407393989,-0.103760932937437,0.00242216953044206
-0.042911373796066,-0.0948248249702142,-0.0018172409700144
-0.0335052898590799,-0.104361559286985,0.000258507740406624
-0.0317868218035385,-0.0936873785902716,-0.00323411097843758
-0.0235896322396112,-0.0897730646916717,-0.00349299602357184
-0.02695194950995,-0.0969524550418831,-0.0012039405510577
-0.0281936990498667,-0.0959155740557568,-0.000921792835660007
-0.0395022212893523,-0.105492366856231,-0.0019134422444948
-0.01354853997986,-0.0910214011218265,0.00689026565440558
-0.0180132241808644,-0.107280111669506,0.000442229428435764
-0.0181568850488101,-0.104701667435146,-0.000588964410689404
-0.0463724496128659,-0.0917036074519637,0.00110037453053595
-0.0422540964713681,-0.0975244785945522,0.00159097189113783
-0.038403101668695,-0.107805326975635,0.00113017904450974
-0.0308708942590966,-0.0951998578226802,0.00883138076596051
-0.0367981802543698,-0.104589735490886,-0.00293361359839063
-0.0487789707896036,-0.0950501161581613,-0.00099768211426336
-0.0504478668507301,-0.10358485453498,-0.00649052778989495
-0.0370193051704479,-0.10637113676404,0.00172389833611238
-0.0203830153845551,-0.10994687244069,-0.0043591335068007
-0.0217329728962047,-0.102371884604223,0.000238741147293208
-0.0342450957609794,-0.0885683072975983,-0.00255053654533531
-0.0432971116487261,-0.0958218020415715,0.00467579875308708
-0.021552196483316,-0.104022500043957,0.00615201757068086
-0.0525598900445922,-0.0969313207223006,0.0023230915891504
-0.0207817137775623,-0.0990903681505986,-0.00196896079865943
-0.0470805370801874,-0.10879889031699,0.00218138013071732
-0.0366302615577574,-0.104825511632798,0.000237746987288095
-0.0393342826060109,-0.0961759231462712,-0.00412894724132691
-0.0414042062288815,-0.104640725942911,-0.00523380150285289
-0.0330113216680168,-0.0932193123734598,-0.000262677696365072
-0.0290886648528533,-0.100411872962174,-0.00398308124502815
-0.0276404083635006,-0.0915084697766542,-0.00232040284100554
-0.0383745168194929,-0.105172246798192,-0.000769402637827793
-0.0154866240871157,-0.104164365242988,-0.000625733760837877
-0.0212161100538008,-0.110974779203593,-0.00257859956062883
-0.0451068707420825,-0.106117080851253,-0.00547305188197928
-0.0389780074481231,-0.102205090284488,0.00239972923958329
-0.03867982390428,-0.0997681906629482,0.00693194283257966
-0.0302832558690377,-0.103724157354214,-0.00198231403469712
-0.0188834328792848,-0.0898872921228105,0.00591190608550971
-0.0312949711355677,-0.0873683331190297,-0.00267230796548039
-0.0441212344120895,-0.0878254678469496,-0.00378800270599479
-0.0318172682812977,-0.0930427919345542,-0.000885355843915129
-0.0295127355716946,-0.0967517024158762,-0.00640187280060898
-0.0523820370118555,-0.109696388825661,-0.00236892505289988
-0.0312057607011277,-0.104905705239613,0.00349710125526232
-0.0363293174967026,-0.103645555046253,0.00338328696946258
-0.0329650581776284,-0.0964627109112732,-0.00144076996655306
-0.0439159614600183,-0.0978689994281954,0.00393687513174104
-0.0289603528292233,-0.0969740274269053,0.0011256704651421
-0.0364957178320902,-0.0907676956414165,0.00243288591286117
-0.0381265721300319,-0.101572010058161,0.00454856003971101
-0.0249614146701171,-0.0983443365295344,-0.00170724576436276
-0.0235581138088221,-0.0956510877898112,-0.00257424912542088
-0.0322318192021352,-0.0860269364115485,-0.00382975586693932
-0.0233574493756177,-0.0992440054128155,-0.006653551583032
-0.0369893040818693,-0.101659641743611,0.00658235551804195
-0.0245134105519314,-0.102746489164259,0.0030050671677198
-0.0213121181119181,-0.0997186969036363,0.00691599736011966
-0.00836359992465275,-0.0996201183181652,-0.00446205046113825
-0.0305635549194606,-0.0900430686232191,-0.00122933606080316
-0.0104511053514437,-0.0915331096879627,-0.00353229621534486
-0.0345876600902813,-0.111911710629168,0.00245952484422589
-0.0259181380262264,-0.0955914378251364,-0.00430911135932528
0.00284499829082929,-0.106174007179974,-0.00107472462230217
-0.0407133505453232,-0.100879943422987,0.000606012480266528
-0.037910137546982,-0.0939580347373805,0.00257134867643693
-0.0536896565743483,-0.105393228585452,9.48564093810194e-05
-0.04500787569186,-0.101275611529717,-0.00302326833288749
-0.0274855836921704,-0.10171173491985,0.00389713943504215
-0.0170246685784055,-0.104620652725716,0.00638919603470424
-0.0647847791756746,-0.092257975257646,0.00109371499432932
-0.0430494901786753,-0.109598861847525,0.00222288901468345
-0.0278311122700981,-0.0958614657296779,0.000752017147719938
-0.0172794541697778,-0.0897197784517289,0.00132497946638268
-0.0301377118312957,-0.106495240409127,0.00148708148684134
-0.0360492789201479,-0.0955643335938923,0.00280063961447484
-0.0128300523304732,-0.101520631580309,0.0018520879758337
-0.037708356952785,-0.106253166269324,-0.003031244275876
-0.0260264093720198,-0.09011104054858,0.00413480268292339
-0.0472515377350988,-0.100741561094788,-0.00113762303361826
-0.0278183475345673,-0.089451718628006,-0.000519356474772366
-0.0382185834079509,-0.113950388635861,0.00147180691852305
-0.0338940928676864,-0.0958830979020836,0.00916671398792824
-0.0430585797946427,-0.102892330844246,-0.00252577253198721
-0.0451947088149289,-0.105469440402734,-0.000859209393495361
-0.0424640290472838,-0.101343721730405,-6.79726784255117e-05
-0.0456273877273265,-0.115485727492342,0.00232355472640921
-0.0202082150714906,-0.0995394813328023,0.00367512025842112
-0.0364078346104931,-0.110489749371733,0.000519324877488621
-0.040663557611083,-0.0987101361082758,0.00140302438945708
-0.0539045514025833,-0.106269438922568,0.00156509333618296
-0.0346415793426842,-0.106220358026516,-0.00526334075793906
-0.0296745268308254,-0.0996742476495805,0.00197886719079516
-0.0279547873181156,-0.101534185785308,-0.00274130206159913
-0.0312403296743998,-0.100164953192709,-0.000292182388017158
-0.042341686800158,-0.0951110477732941,0.00177566393999384
-0.0333155450144774,-0.0987821769142448,0.00165388904042108
-0.006941961239969,-0.0893601210551761,0.000333580450328054
-0.0331748538870902,-0.105136936843753,0.00323632859362888
-0.0394193156573964,-0.0944072421056047,0.00440928631472449
-0.0223970794264133,-0.102238719855257,0.000154451528331811
-0.0257476598822269,-0.0968054722455042,0.00221486469347721
-0.0550230603018766,-0.0949933816038079,0.00702795417031973
-0.0516786625446433,-0.100291292263293,0.00619134999858232
-0.0423648968568186,-0.0963146353770217,-0.00288271296685719
-0.0322465886897727,-0.111891560259973,0.00420059616676717
-0.0332348012143461,-0.0975861776166183,-0.00127699673929022
-0.0352848873429247,-0.0847853986553846,0.00211914500517549
-0.0298790559053256,-0.104784439810534,-0.00730477237831985
-0.0324427240793978,-0.100212019840021,-0.00323550044176251
-0.014091312797741,-0.0973016642012921,-0.00480270461602457
-0.0139195037318705,-0.0895642186145998,-0.00372601901987707
-0.0436436770225319,-0.0941713622719296,0.000793634467215156
-0.0208184973701606,-0.107389633224141,-0.000223004248101617
-0.0220003386791281,-0.102117510676386,-0.00239470834724282
-0.0340495282188112,-0.0985258096862505,0.000892693478331045
-0.0229810088301051,-0.103576332045093,0.00196342460939368
-0.0188721819722268,-0.118235792316975,0.00786819802760872
-0.0159788703405247,-0.100919486329571,-0.00289490514979421
-0.0229610955104258,-0.101099763732264,0.0028076809569405
-0.0369794835460049,-0.100287635195001,-0.0011619938996352
-0.0376799546161622,-0.0970024264209876,0.000379405457428548
-0.018682701706523,-0.103385061472904,0.00303587579857753
-0.0341456945223634,-0.101658137495262,-0.0104013306299932
-0.0574617239376564,-0.103649073834335,0.000421108519407239
-0.023599683085951,-0.0913173153802879,0.00219584020366859
-0.0469213431644785,-0.0990799051227044,-0.00466319639698887
-0.0296158831288332,-0.108964391465692,-0.00150160733915161
-0.0246049714297387,-0.0982920166152182,-0.00176467044426776
-0.0425197744447347,-0.0970206690156058,-0.00289288099954249
-0.0560321767687999,-0.101711390043237,-0.001697488295361
-0.0331130441278612,-0.0983827302493046,0.00240398955677744
-0.0166996595247037,-0.0989397403798334,0.00448224725700632
-0.0187142317392635,-0.0915083157176026,-0.000177678021405201
-0.034378456716331,-0.0984940787662421,0.00375549727328218
-0.0346679390247743,-0.0961660820455637,0.00559826490945819
-0.0486874611593895,-0.103257033113623,-0.000873470965117051
-0.0199874536545275,-0.0874823437860155,0.00386869557038986
-0.0223698049903812,-0.0976897963725997,0.000613848597155198
-0.0470830137804678,-0.0967974027982129,0.00606264496165065
-0.0261191117421694,-0.101844551747935,-0.00248542130362569
-0.0183329057564627,-0.0929899395709249,-0.0037071347345212
-0.00368228317883058,-0.0976279712044819,-0.002448124806646
-0.0377081242446143,-0.0931577880209568,-0.00180255063078706
-0.0156676163635779,-0.0908000507433283,-3.8811698123723e-06
-0.0502804333731994,-0.0970206525830502,0.0101248465779436
-0.0128967294064089,-0.116918706978023,0.00075043640245192
-0.0228902899173525,-0.09536001872086,-0.0016672208415445
-0.0206259725284755,-0.112490620300542,-0.00553648535690798
-0.0512745113840824,-0.1096108679778,0.00156512839447923
-0.046803945662736,-0.0952610663186672,-0.00089295052325867
-0.0305794397976294,-0.10569537881869,-0.00105882380237178
-0.0335697862959671,-0.10262897162694,0.00644324683230271
-0.0279634210155472,-0.10028027068321,-0.00214887197921459
-0.0356155584050988,-0.0943873836297771,0.00356281925101409
-0.0225483656764327,-0.107766120086118,0.00354373517663584
-0.0435337073385894,-0.102311375569828,0.0113029254953558
-0.0290955141098819,-0.0958112654068919,0.00540713127751467
-0.0300019256032607,-0.0972145288543553,-0.000145500057090758
-0.049564352059111,-0.101264632835335,0.00245177704580885
-0.0447130611975358,-0.109432998751355,-0.00341113623611614
-0.0193884857835114,-0.102118751344157,-0.00594225775250365
-0.0423833185453936,-0.0963676941779805,-0.00398233221015514
-0.0322044418564243,-0.10379037801294,-0.00201319745881331
-0.0298045818255277,-0.103408224195571,0.00315967857526559
-0.0281272271932236,-0.113146546839071,0.000675460311961105
-0.0328739292095062,-0.0799366935541569,0.00150506811137296
-0.0293116558151239,-0.0935676028034404,0.00319989894823628
-0.035765973781761,-0.102861874141319,-0.00228068221617338
-0.0368831299608246,-0.111821129278209,-0.0019792615059162
-0.0285899427970504,-0.0893450266430579,-0.00461740689236927
-0.0351316396351747,-0.100251849639017,-0.00168120849173292
-0.0487134785471171,-0.103867009997013,0.00756616243264407
-0.0392719547321324,-0.0898134564453479,-0.000907275723456676
-0.0327929450318256,-0.0974768435457206,-0.000795883068223117
-0.0181593240059213,-0.0982847164064799,0.00318938810457513
-0.0269231450307645,-0.104977280068896,0.00161437597894329
-0.0179286942407949,-0.0983729526650873,-0.00223131191111925
-0.0338855993003293,-0.109742646919956,0.00175224823391769
-0.0531709358798612,-0.098833463278364,0.00405310101356392
-0.0199619180506491,-0.0931736806181307,0.00233719549203035
-0.0286666658173293,-0.115962082924737,-0.00226663209294381
-0.0370617771541191,-0.0908085856804343,-0.00118164868496979
-0.0416031822493204,-0.102483445509117,-0.00596616119443567
-0.0364452672774213,-0.103606405017717,0.00588418620610527
-0.0303573645512669,-0.0915281893381615,-0.00233918812209173
-0.0233305465570423,-0.0982924754729747,0.00410653321820823
-0.00854232297673202,-0.100329377661626,0.00411349736160223
-0.0274484781621446,-0.0854741084564038,0.00188494817884099
-0.0366289638275424,-0.091759419663047,-0.00323458653478933
-0.0400014000059544,-0.0974150233432838,0.00696533428497758
-0.0304614400676351,-0.10374726997634,0.00641928955890486
-0.0482151035806143,-0.103432843272046,-0.000825252376017965
-0.0325816368013373,-0.092034348978338,0.00208936129707088
-0.0562561061332019,-0.0978855053686897,-0.0032327949706032
-0.0356465722403075,-0.0985876600949712,-0.00462359824887214
-0.0410862946143935,-0.0930086512526147,-0.00118138133994009
-0.0450708905432713,-0.101555824825505,-0.00115702341437481
-0.0167688949194206,-0.0852311580614103,0.00102639864352226
-0.0528930819005852,-0.0981264409219469,0.000169454989703722
-0.0425392211616094,-0.0955609554933923,0.00480970504427451
-0.0485421290681854,-0.090013370516046,-0.00174766192071153
-0.0104511241091737,-0.0969714957523353,0.00029491600475201
-0.0249830871135999,-0.104635663005602,-0.00212332671974046
-0.0373114746409266,-0.101566969141724,0.00132180662238964
-0.0304048137431328,-0.0958909044621939,-0.00668245325734127
-0.00383498692154793,-0.100038400841826,0.00755946372075795
-0.0292025459863812,-0.100098258510633,-0.00218788785493368
-0.0382531669203578,-0.0973070005587792,0.00141075582618374
-0.0169584208173714,-0.0918805883979208,-0.00516272776965725
-0.0151286951564707,-0.0970628741031972,-0.00305051088872257
-0.0512607394314415,-0.0977781068728332,-0.00185383094403528
-0.0505373815155845,-0.104494870870817,-0.00427805931831197
-0.028209486616188,-0.106895184858873,-0.00242634554610703
-0.027603490722992,-0.0970005330519953,-0.00733486433361454
-0.0192352240795936,-0.0932600076555184,0.00375220491705943
-0.0244423158175452,-0.0981084771030204,-0.00302796439264331
-0.0354288187444584,-0.102790174188432,-0.00614037171949937
-0.0370880085311794,-0.106990377379965,0.00208547559653305
-0.0176522977764299,-0.0958956190778357,-0.00475717028621828
-0.0324180875554448,-0.101159701420857,-0.00424980575719211
-0.0458438056117334,-0.102327522552927,0.00521272495236137
-0.0105871231874523,-0.101405705099751,0.00672448280321735
-0.0209134896299869,-0.0995453714137294,-0.0028289295058617
-0.0292465349969034,-0.117297578130627,-0.00140092756859359
-0.0351149539994738,-0.0992188270824743,0.00924772995765386
-0.0432963468414629,-0.101960920605436,0.00665008956809674
-0.0456385381144343,-0.106615236407241,0.00521969181141774
-0.0346313632203888,-0.100707160698748,-0.000489722315956569
-0.0349988540237832,-0.0931630507028081,0.0026626404438661
-0.060247146272602,-0.097339078000647,0.000450713181781418
-0.0213874477330599,-0.105852180310695,0.00208323726004702
-0.0385741239213417,-0.111693967288037,-0.00104740996903109
-0.031008223052979,-0.107618662983245,-0.00163347633893785
-0.0330744961222112,-0.104596271127485,-0.00179168212379498
-0.0302944606556698,-0.0999621848164017,-0.00141211814461332
-0.0433947764757812,-0.103594212703493,0.0056329734660908
-0.0367609748546518,-0.106131150578667,1.923004087849e-05
-0.0211837336352624,-0.0875178091842851,-0.00850333489912182
-0.018409060700272,-0.0980806988417609,0.00053854998832964
-0.0156944530593283,-0.108277258007538,-0.00376386549776376
-0.0269808819420896,-0.10200934168258,0.00112877883059425
-0.037877103241477,-0.0962803356476736,-0.00229983580478174
-0.030760891972005,-0.100236238263235,0.00783588275197408
-0.0502027585363488,-0.0975554083522665,-0.00432572832948395
-0.0130444181180752,-0.0913467711322882,0.0065326088710404
-0.0247472171609872,-0.0964998337046566,-0.00410543302955083
-0.0257101854996955,-0.0966135227789883,-0.00411891796714196
-0.0149860991773047,-0.0882112619902292,-0.00468461000123506
-0.0356576170126959,-0.0956849720526358,0.00360954182597755
-0.0444054234330013,-0.0961128446700376,0.0109291088226931
-0.0329994960195402,-0.101731111465159,-0.00296693156377983
-0.0432575894917375,-0.0932206639145149,0.00141389261831639
-0.0349365475473066,-0.112898286451773,-0.000966081608865132
-0.0233808087167518,-0.114932407595106,-0.00721529891780166
-0.0376455717420496,-0.0917405372359121,-0.00462938087161974
-0.0412393388164141,-0.118142762530233,-0.000957857418225936
-0.0474691522178588,-0.0893852215589605,0.00920141913898987
-0.0335015881110609,-0.0911477234022963,0.001830681691776
-0.029243044380044,-0.110930397913414,-0.000997499546455863
-0.045616357952327,-0.111805472213023,0.000614939444272032
-0.0374079573357796,-0.0871900611093524,-0.00244812004738776
-0.0461760754850231,-0.0989850487632438,-0.00046840899144929
-0.0251073042397562,-0.108607703603152,-0.00252414156684395
-0.0367248230775812,-0.114787980633565,-0.00277952918691346
-0.0249460276069069,-0.0993990274583941,-0.00874779347712297
-0.036245730157687,-0.0981382888427106,-0.00555717537923307
-0.0302228687695759,-0.105846454628667,-0.00141562692683128
-0.0148483665771636,-0.101170518009391,0.000316387191456722
-0.0437883417336603,-0.0988320499488013,0.00784038434468342
-0.0525493278607161,-0.0978396151201575,-0.00300976868950756
-0.0376685360121725,-0.106471622561403,-0.00205702831471573
-0.0357954823084914,-0.0929658409268467,0.00271856590957021
-0.0296362224001107,-0.0970289474860957,-0.00203665314306293
-0.0406006966614087,-0.0908169088710557,2.9956472741833e-05
-0.0268113079717937,-0.103816032060164,-0.000849649872901238
-0.0424049479904294,-0.0978047365380481,-0.00455960505710395
-0.0236300378350721,-0.100859717889859,-0.00849413673668895
-0.0582834476556611,-0.10110275514917,-0.00333215289714818
-0.029192339891054,-0.0924738837093714,-0.0013523536795481
-0.0301053010335521,-0.107024588594795,0.00158703112821768
-0.0228197774208436,-0.0951648397120743,-0.00189891019771148
-0.0149438929050528,-0.106818811338655,-3.64406544228026e-05
-0.0256563013118625,-0.0987943681187109,-0.00283051318707838
-0.0184790578487583,-0.102812190958313,-0.00703954003848211
-0.0223782813415464,-0.100417908435246,0.00148536780910007
-0.0625151501727889,-0.0968886428331374,0.00387900357571212
-0.0306469103286958,-0.101819316946753,-0.000719504494729285
-0.0566827443375917,-0.103570043697229,-0.000835588679594752
-0.0241636941946985,-0.0878255407548412,0.00492521640413562
-0.036688482095755,-0.0961912112825882,-0.00652115783941847
-0.0504304055697037,-0.0930693484296662,0.00238067193999347
-0.0298748314786303,-0.105284195554299,-0.000680042317992712
-0.0281894881633574,-0.0972704078495647,0.0061488364828985
-0.0291010522293974,-0.0990978576992514,0.00236056659836296
-0.0439850844288168,-0.0984085879487614,-0.00227113785383386
-0.0421886611281731,-0.0930578238814356,0.000401049933632686
-0.0231052375631468,-0.0988837406134168,0.00508484901516439
-0.0302351419381271,-0.115433944468493,0.000653956876338625
-0.016986436624268,-0.0967783562675583,0.00621186164601306
-0.0296397438836626,-0.10241027085716,0.00176916876737523
-0.0336677998843697,-0.0991963224687868,-0.000403717393064753
-0.0283905815398293,-0.101142510528064,0.000178433208032585
-0.0241983959547414,-0.102514504063076,0.00270798824301849
-0.0313697319998775,-0.0966598041199638,-0.00145721244274129
-0.0357006941583064,-0.113427382527329,-0.00552129080656728
-0.0268130097094567,-0.100654636256465,-0.00467557397787154
-0.0144726034299491,-0.09935257446617,-0.00644414642927815
-0.0482143927811226,-0.0966091214250609,0.00272033406424291
-0.0210140430082147,-0.0947605129816492,-0.00363813513940173
-0.0105947763382093,-0.109291707236254,-0.00203590491239056
-0.0341334733375394,-0.0980447629784354,0.00139740534626933
-0.0326909187749965,-0.0944775818371753,0.00075873013012448
-0.0287997122590228,-0.103272210789551,0.00160435076830263
-0.0350081999500709,-0.108527774194919,0.00164768637807532
-0.024522324286191,-0.106558233478191,-0.00793238514088631
-0.0409012833653483,-0.0941476532234675,-0.000357209096667014
-0.0183594231850502,-0.0969173345752578,0.000483173703806533
-0.0447768857484639,-0.111396534255847,-0.000402205545869078
-0.0342999012199163,-0.100604373222426,0.00146452267433298
-0.0485133493014546,-0.104312189900852,0.00104035175106459
-0.0254157979533186,-0.105241363671868,-0.00214450664205586
-0.0470336278279743,-0.0945588326423976,-0.00121308958227919
-0.0498830655680655,-0.105026111202857,-0.00342098985314431
-0.0156307472462585,-0.110646055648572,0.000329409289390232
-0.0363371702394699,-0.114375994275529,0.00211053973237751
-0.022747287783062,-0.093683709527859,-0.0048609702123285
-0.0177769044621071,-0.0997413122067436,-0.0026776197243069
-0.0194094050034339,-0.0880187215761527,0.000241513406134346
-0.02774156608648,-0.10005495475128,7.87005548513567e-05
-0.0376965245274842,-0.101973827905044,-0.00448287725662976
-0.0380166918721867,-0.106865322153367,-0.0022626159950557
-0.0374480686907914,-0.0993475667981287,-0.00565984658253118
-0.0393745936185793,-0.10602301785795,-0.00117043199375936
-0.0277771033942985,-0.0988786794014308,-0.00175253153304548
-0.0163192888490433,-0.0949890749790157,-0.000858879605482046
-0.0368063996857811,-0.100353608030245,-0.00130957883099229
-0.0218909686562582,-0.0984078626433091,-0.0027240221244948
-0.0398758982177394,-0.0901057391719707,-0.00219273953347461
-0.0359696230922494,-0.108369562040842,-0.00300136659730365
-0.0263006305214193,-0.104693017497526,-0.00198403569736308
-0.027467316495085,-0.0979091146973804,-0.00522722759322753
-0.0419968900312126,-0.110336789409986,-0.0034502538544934
-0.0234921474513224,-0.109637013901461,0.00424493909308578
-0.0387588850649174,-0.0927495304070083,0.00615503943983248
-0.0262128559971342,-0.103103504602243,-0.00343093677032271
-0.0388460068705568,-0.102777407634903,-0.00260694004417874
-0.0398419353715179,-0.0942384413102794,-0.00125065028651489
-0.0168350787671398,-0.103405047984174,0.00381070468815179
-0.0553658689763194,-0.105657751358556,0.00224324256640179
-0.0461300168968925,-0.103270344129456,0.00387090456211701
-0.0193690821102135,-0.110628242697892,0.00579915812632988
-0.00647320766771528,-0.0987817514431088,0.00206551285764514
-0.0212036571716222,-0.106952065516018,-0.00200847901690002
-0.0370419138331611,-0.102343078701975,0.00578085672735272
-0.0363406235272342,-0.0979929000961439,0.00611931484114916
-0.0443413456983513,-0.101990898970862,-0.00450071313669229
-0.03292003039985,-0.0913232048852233,-0.00617699164797861
-0.0366096287690983,-0.102482468962823,-0.000698398231354156
-0.0273964096165043,-0.112703449302468,0.00372477982773972
-0.0152014113583246,-0.0996848445203288,-0.00160961873624396
-0.0270047881058527,-0.0953193986479821,-0.00324649386835795
-0.0271391040128584,-0.0993172135423272,-0.00459496596361084
-0.0327182177422531,-0.110398700237776,-0.0023745385905878
-0.0447339419763032,-0.0942225966099776,-0.00315886560947899
-0.0461049323374424,-0.0964179535514703,0.00304796114644827
-0.00990454821989471,-0.0950343885589371,-0.000312496055058521
-0.0602827724979675,-0.0912655348584769,0.00190370394109437
-0.0503604340516714,-0.110757546312523,0.00103063286791705
-0.042482038709821,-0.103121874523526,0.00544456560890676
-0.0313854034217926,-0.105120198669794,-0.00443624388776597
-0.0450630264401279,-0.10560590638163,-0.00324609140636603
-0.0568613143565405,-0.110839311910458,0.000577587476534784
-0.0339318629307172,-0.102383518907056,0.00320793141661911
-0.0438938573987094,-0.102191443788915,-0.00065284219630254
-0.0480582481595676,-0.118982571399039,0.00429355900535282
-0.0445895813015043,-0.0986781504563478,0.00131460286799284
-0.0185332136368666,-0.106887434855873,0.0112735531163348
-0.0558364632737136,-0.104500885659915,0.00372904047336945
-0.033608182852026,-0.10067210029033,-0.00359181886261469
-0.0262068577585834,-0.114374768995564,7.84147559475879e-05
-0.0372287507019842,-0.10150740195543,-0.00187584262256664
-0.0222528574447758,-0.0998118406643586,0.00574943226951338
-0.0138257420053292,-0.101832850139855,0.00454309063848103
-0.025908005977692,-0.099879718980696,-0.00131995358348631
-0.0258414336818456,-0.0969325647835557,0.00163928105012742
-0.0460767850344223,-0.107461541497857,0.00241684484085326
-0.0391644597217904,-0.0940458692495563,0.0071173013622222
-0.0450417505281807,-0.0894124399551568,0.000739082120857827
-0.0146762425773806,-0.110081576798789,-0.00835785452491731
-0.0193181017428307,-0.100158744640266,-0.00184879683125314
-0.0308042336153201,-0.102887913690858,-0.00222999522518743
-0.015830879939096,-0.102374030245952,-0.000462528892591137
-0.0297987345647705,-0.0999938055041687,0.0019352149531169
-0.0391706059538796,-0.0876635995114015,0.00322139305836317
-0.041750815413279,-0.0976523546325663,0.0010120890175423
-0.0384361910580911,-0.103552181352623,-0.00328025420899615
-0.0339925696142477,-0.110990134117094,0.00480498792368648
-0.0364280698053066,-0.0970000681846412,0.000474566033391907
-0.0334745678329813,-0.110803410209825,-0.00538913281268249
-0.0277979404890684,-0.100195006283077,-0.00508401947025048
-0.0504151553291965,-0.101393952321621,-0.000112167608497197
-0.0347061048869395,-0.0958363087766728,0.00255874257652798
-0.0464385148914879,-0.0975094467628514,-0.00143617753268311
-0.0222283639310749,-0.110592535969418,-0.00805490807707277
-0.0300752064951284,-0.111967657360315,0.00320426804356185
-0.0433140057039055,-0.0993673152705035,0.00124085898147602
-0.0412546394282623,-0.109511165010743,0.00086324579351152
-0.031734867436676,-0.10464703992916,0.000574855574311957
-0.0319368847739035,-0.102221235770852,-0.0010871879161036
-0.0312917007849285,-0.109503712525006,-0.00103850221260429
-0.0387737860867885,-0.101878103128871,0.00209038548582544
-0.0388244588881324,-0.097671066930884,-0.0017077459236009
-0.0296369106863726,-0.107282821347834,-0.00425882282650469
