"kind","left_out","fact_c","part_z","fact_c.part_z"
"source","21stcenturywire",-0.0322700177801394,-0.0998288604852862,0.000285963357353036
"source","abcnews",-0.0334668895810718,-0.0994623895832732,0.000672268686508246
"source","activistpost",-0.0329664825713347,-0.100312781276596,0.000411343469643726
"source","addictinginfo",-0.0325151342582501,-0.100010797117398,0.000378036596111267
"source","aljazeera",-0.0322264666141521,-0.0997242123073989,0.000393348463547282
"source","alternet",-0.0324205951381503,-0.100102449823002,0.000376225655184309
"source","antiwar",-0.0321747261600992,-0.100011815446227,0.000404165187286485
"source","associatedpress",-0.0337280460032682,-0.0997212163513987,0.000154635628085584
"source","australiannationalreview",-0.0326659019203336,-0.0999345925072026,0.000503284926531766
"source","azmirror",-0.0317719502788992,-0.0997845636022794,0.000388411467127537
"source","bbc",-0.0336046377646123,-0.0997732133382908,0.000436052922038618
"source","bearingarms",-0.032522325948028,-0.100204720324717,0.000417857521568601
"source","bigleaguepolitics",-0.0315769135219129,-0.099887264854535,0.000196167655661583
"source","bipartisanreport",-0.0330990540552603,-0.099134771569302,0.000161403813290781
"source","breitbart",-0.0324713069478219,-0.0998636503973148,0.000428025297718687
"source","businessinsider",-0.032255028781638,-0.100285289027184,0.000267172146442463
"source","buzzfeed",-0.0325854267818178,-0.100004904907118,0.00036697480855834
"source","campusreform",-0.0325051710808157,-0.100191251348466,0.000440365568574223
"source","cbsnews",-0.0327414092581183,-0.0999723122945519,0.000137945703434285
"source","channel4uk",-0.029894678223999,-0.0999407700603529,0.000454501711726844
"source","charlotteobserver",-0.0324861562868289,-0.100128653038482,0.000284314639195773
"source","chicagosuntimes",-0.0322866636494319,-0.0995210895266072,0.000292915490096034
"source","chicagotribune",-0.0318428567342052,-0.0998474204845616,0.000323486139564151
"source","citizenfreepress",-0.0325260812962902,-0.0996431725077976,0.000310742081515129
"source","clashdaily",-0.0334830447463275,-0.100165048588523,0.00036618959962753
"source","climatedepot",-0.0329452716306183,-0.100015876989882,0.000398147355808311
"source","cnbc",-0.0326286287267912,-0.0996816755982807,0.000375132807909293
"source","cnn",-0.0323941902199319,-0.0993810592286682,0.000516668390663606
"source","cnsnews",-0.0329761302387275,-0.0999120580698218,0.000464680816182202
"source","committeeconstructivetomorrowcfactorg",-0.0339872019923407,-0.100918775846423,0.000937827963996318
"source","conservativehome",-0.0307095236369767,-0.100313685497114,0.000173071755712609
"source","conservativetribune",-0.0339643546413408,-0.100378023590005,0.000797876474967789
"source","countercurrentnews",-0.032143510528243,-0.0992886014697106,0.000295312087031306
"source","courthousenews",-0.0326350442072286,-0.0995123093032967,0.000455685060234667
"source","covertgeopolitics",-0.0322797910766273,-0.100447693928417,0.000439820927145518
"source","crikey",-0.0316015400129907,-0.100833585333022,-0.000184695088770643
"source","crooksandliars",-0.032491397838974,-0.0998008875901952,0.000456492067303229
"source","csmonitor",-0.0322937276972709,-0.0997635608512021,0.000175059098010433
"source","dailybeast",-0.0324522876187756,-0.0998572947243858,0.000349827434433228
"source","dailyheraldchicago",-0.0309872264457888,-0.100750013631831,-0.000278574481059591
"source","dailykos",-0.0327640077160238,-0.100137385461233,0.000412038703601815
"source","dailymail",-0.0326647041501602,-0.0995198585826872,0.000425715465199418
"source","dailysignal",-0.0318716890248251,-0.0998503556467662,0.000526530951212913
"source","dailystormer",-0.0325832619016709,-0.0999982587867788,0.000694890002478827
"source","dailywire",-0.0325088168230577,-0.09956549272144,0.000258154734259539
"source","democracynow",-0.0306901667748819,-0.100296444953846,-3.92941851198767e-05
"source","disrn",-0.0323845441462108,-0.0993468312644252,0.000311330396411034
"source","djhj",-0.0324716545516084,-0.0999456936557746,0.000451501657281998
"source","ecowatch",-0.0317484367125406,-0.101402523917196,-0.000293612819089847
"source","endtimeheadlines",-0.0331426320904206,-0.0981312516565245,0.000659031992208441
"source","envolve",-0.0318934526197015,-0.0995052968167789,0.000160644780881174
"source","eveningstandard",-0.0320669975520388,-0.100526125940117,0.000420854952457216
"source","fivethirtyeight",-0.0300299315256795,-0.100177560835164,0.000199349245452579
"source","foreignpolicy",-0.0331463688390053,-0.100752209896025,-0.000566551516929731
"source","fortune",-0.032369187882038,-0.100544094102036,-0.000252713275493198
"source","foxnews",-0.0325322562414879,-0.100594472070471,0.000433161215227377
"source","france24",-0.0341375553720659,-0.100140071645963,0.000669657276019086
"source","freebeacon",-0.0321147335746449,-0.0996754741182031,0.000307434718803536
"source","freethoughtproject",-0.0313430451399416,-0.0993027537999311,0.000156176463255686
"source","frontpagemagazine",-0.0325268512891359,-0.100101120227422,0.000406256399109731
"source","fusion",-0.032209854294082,-0.100004551479439,0.000519384662399752
"source","healthimpactnews",-0.0321973183404521,-0.100186530973051,0.000945360148655791
"source","hotair",-0.0318210968907837,-0.0997980909310991,0.000398971789906365
"source","humansarefree",-0.0325867997128666,-0.0998031647896752,0.000536459547548533
"source","infowars",-0.0317321921033078,-0.0997915978180184,1.89104124031147e-05
"source","inquisitr",-0.0322306236244385,-0.0998899112693003,0.000353141875341707
"source","intellihub",-0.0328236547944197,-0.0996871128428888,4.49543426758119e-05
"source","investmentwatchblog",-0.0325100805317623,-0.099477018824215,0.000298854493229417
"source","investorsbusinessdaily",-0.0325822595416448,-0.0997620529002808,0.00034984485865299
"source","iowaclimatescienceeducation",-0.0339131434443214,-0.0997393326051297,3.47341703099723e-05
"source","ipolitics",-0.0309385393250824,-0.0993282264520477,0.000478263328834279
"source","jacobinmag",-0.0332724627445444,-0.0996170456888283,0.000450587192337766
"source","jerusalempost",-0.0330194428391152,-0.099989396071699,0.000307200399534733
"source","justthenews",-0.0326317770618918,-0.0994464747881354,0.000261328878449497
"source","larouchepac",-0.0299095089402273,-0.0999821701057515,0.000313153879567737
"source","latimes",-0.0322041477477904,-0.100119769406875,0.000568264451554573
"source","lawenforcementtoday",-0.032517775117411,-0.0998413830826703,0.000379233991921978
"source","lewrockwell",-0.0317909890857376,-0.0994594905250868,0.000195039656326647
"source","libertywriters",-0.0336076211596078,-0.0997017331575041,0.000405449392539527
"source","lifesitenews",-0.0325041158145008,-0.100398243496996,0.000820655464016401
"source","liveaction",-0.0323585902700863,-0.0998068303532377,0.000252755691087712
"source","mcclatchydc",-0.0322979640046104,-0.101119061877054,-0.000523470495559135
"source","mediamattersforamerica",-0.0309963965228731,-0.0995545107303454,0.000341836978484295
"source","mercurynews",-0.0327806725037292,-0.0993446423135722,0.000771614083388887
"source","mintpressnews",-0.0318654035958624,-0.100284494153206,0.000507572109784687
"source","motherjones",-0.0330252583364523,-0.0996559441889483,0.000753413551674358
"source","msnbc",-0.0326476447104023,-0.100418857781812,0.000468950958380304
"source","nationalfile",-0.0321786794482305,-0.100250417597589,0.000459247413215551
"source","nationalinterest",-0.0333357680072445,-0.0999553384109189,0.000287971369034583
"source","nationalobserver",-0.0315733142026275,-0.0997354250024465,0.000771973162348125
"source","nationalreview",-0.0327005608199993,-0.0999420307227674,0.000495639515949462
"source","naturalnews",-0.031616740021707,-0.0997347442865563,-9.63980369452857e-05
"source","nbcnews",-0.0332658407111801,-0.0998085107482989,0.000906802016871493
"source","needtoknow",-0.031679386579908,-0.098297030233572,-0.000542035234378789
"source","newrepublic",-0.0320589296805298,-0.100799981574937,-5.6260871647967e-05
"source","newsbusters",-0.0326325619695066,-0.100251680009534,0.000390297751434824
"source","newsmax",-0.0323565692999637,-0.100066390446647,0.000310484061949407
"source","newspunch",-0.0309437590019835,-0.100223435055862,0.000581079407018652
"source","newswars",-0.0320841398907177,-0.0992005856209289,-0.000118797789705943
"source","newsweek",-0.032911152103765,-0.100098330133236,0.000172739213043957
"source","newyorkdailynews",-0.0339554236270838,-0.0998351748151015,0.00040819381486271
"source","newyorker",-0.0313149543592176,-0.0993338572656857,0.000437171240423911
"source","newyorkpost",-0.0323873807220746,-0.0999601268842435,0.00031367725515716
"source","noqreport",-0.0333996241636534,-0.0997516509453037,0.000376344944612258
"source","nowtheendbegins",-0.0357014841638067,-0.100234134208171,0.000741636858528939
"source","npr",-0.0323233323387093,-0.0992644892079471,0.000735990001402614
"source","oann",-0.0324805624098064,-0.0997608066847521,0.000303524917485446
"source","observer",-0.0334900743459354,-0.0996851118271812,0.000326551678106306
"source","occupydemocrats",-0.0315122832252836,-0.0992827571879272,-8.62778625161419e-05
"source","palmerreport",-0.0326875163182593,-0.0997440283703871,0.000341729120454998
"source","pamelagellerreport",-0.0321385579851757,-0.0993238297510146,0.000121333571273353
"source","pbs",-0.032736500409027,-0.0996870872985911,0.000177450336779726
"source","pinknewsuk",-0.0333137650380388,-0.0989243248812676,0.00110682821369881
"source","pjmedia",-0.0325551870048168,-0.0999788684672597,0.000384821059039894
"source","politicalite",-0.0321903552025346,-0.100106344596961,0.000389781730894944
"source","politicalwire",-0.0334692509373442,-0.0999516708761174,0.000316511914874686
"source","politico",-0.0319858427409039,-0.0998589273364213,0.000347488245953317
"source","politicscouk",-0.0314139371129215,-0.10007169613374,0.000115511397072852
"source","politicususa",-0.0335572360617181,-0.0993224626367293,0.000955348959403193
"source","powerlineblog",-0.0327398792064165,-0.0997820877189803,0.000311062916657005
"source","pravadareport",-0.0327748264258476,-0.100832460647858,0.00152116114094997
"source","presstv",-0.0305254051501644,-0.100183339167002,0.000380256316906344
"source","rawstory",-0.0335703927182718,-0.0995851142733752,0.000843086797137626
"source","realclearpolitics",-0.0326189163463191,-0.0999636533180797,0.000312167848779181
"source","reason",-0.0316472053410192,-0.099595254028549,0.000281381510043193
"source","redoubtnews",-0.0329883932635317,-0.100845058158198,0.000508306403814835
"source","redstate",-0.0328062935777283,-0.0998158377108026,0.000411844261394212
"source","renegadetribune",-0.0323808101490862,-0.100038465762033,0.000263019188706404
"source","reuters",-0.0337621184547195,-0.100147022081366,0.000293676340560685
"source","revolutionradio",-0.0321520271071025,-0.0999518331160994,0.000249552216603193
"source","rferl",-0.0334146812751439,-0.0998049911098564,0.000169227000781636
"source","rightwingwatch",-0.0341448427349235,-0.0996100970406658,0.000282712958313542
"source","rollcall",-0.0315693918923551,-0.100080197187958,0.000633118053395357
"source","rt",-0.0310780293616049,-0.099748835453053,0.000236079581517397
"source","russiainsider",-0.0328348034329931,-0.0999571425528347,0.000659345199321002
"source","salon",-0.0324875519150571,-0.099757441315271,0.000337643167132503
"source","sgtreport",-0.0327951096799457,-0.0996433820219604,3.7408310584929e-05
"source","shadowproof",-0.0337527576954097,-0.100734840878199,-0.000561443608238574
"source","shareblue",-0.0323940543776865,-0.0995411576238455,0.000271974335798097
"source","shtfplan",-0.0326011449660456,-0.0994320882737859,6.95898414343356e-05
"source","skynews",-0.0329726711459961,-0.0992307156673587,0.000750193832341851
"source","slate",-0.0322635866228281,-0.100331795456424,0.000242433539923267
"source","sottnet",-0.0321328477080301,-0.0990389732658877,0.00015039387977473
"source","southfront",-0.0320718765478848,-0.100226835188003,0.000616719591526772
"source","sputnik",-0.031885727595613,-0.100235761432594,0.000768093566707191
"source","stillnessinthestorm",-0.0349972547689583,-0.100342167084814,0.000347850204064013
"source","summitnews",-0.0319491396093072,-0.0990061286016511,-5.53026002830237e-05
"source","talkingpointsmemo",-0.0325840409886404,-0.0999175559458534,0.000370864670915005
"source","tass",-0.0329212404255066,-0.0999025838002943,0.000370570221732284
"source","telesurtv",-0.0321810183174142,-0.0997303756276913,0.000328365605623019
"source","theamericanconservative",-0.0326651616690706,-0.0995555147801577,0.000476244533326921
"source","theatlantic",-0.0324446877185624,-0.100523838953066,-0.000355287537583442
"source","thebl",-0.0322545614597868,-0.100189680506007,0.000336984309053565
"source","theblaze",-0.0324303024060501,-0.100216345820267,0.0004026284985363
"source","thebulwark",-0.0330704695584806,-0.0999251030524276,0.000541690051870369
"source","thecollegefix",-0.0325748731895181,-0.100235840214522,0.00041258565732192
"source","theconservativetreehouse",-0.0335355865511935,-0.0997587314583716,0.000156798894390136
"source","thedailycaller",-0.032580055768777,-0.0990700782207025,0.000326645854162708
"source","thedailyexpress",-0.0326030018588078,-0.100738404620782,0.000479392134385027
"source","thedailystar",-0.0342334190401338,-0.100015574326253,0.000109143179787915
"source","thedcclothesline",-0.0325737160015765,-0.0991658612695886,-6.5167046938322e-05
"source","thedenverpost",-0.0318500675302197,-0.0993234856038458,0.000752081722641816
"source","theepochtimes",-0.0325652528271014,-0.100268745940578,0.000464248557390239
"source","thefiscaltimes",-0.030690114784614,-0.0997335581565098,0.000627817633619406
"source","thegatewaypundit",-0.0324907786087769,-0.100331036848137,0.000676214138219084
"source","theguardianuk",-0.0326164394156763,-0.099729524834051,0.00032751463925999
"source","thehill",-0.033025905979916,-0.0993905652209103,0.000661323056699528
"source","thehuffingtonpost",-0.0324045805665011,-0.0994219777983449,0.000319968024924861
"source","theindependent",-0.0326058068018479,-0.100038222554925,0.000448186194583865
"source","theintercept",-0.0326951923177599,-0.100058189069184,0.00029131801361154
"source","theirishtimes",-0.0304370687279015,-0.0993759063671725,0.000717410972289204
"source","thelibertybeacon",-0.0335550855064254,-0.10019496424943,0.000449745603099232
"source","themoscowtimes",-0.0342422380120044,-0.099096535420701,0.000530190208238695
"source","thenation",-0.0335393577283137,-0.0999888931763156,0.000589111679843388
"source","thenewyorktimes",-0.0328706305789834,-0.0997902444163895,0.000183236175874666
"source","thepoliticalinsider",-0.0326655540494675,-0.0999667305500716,0.000325019807983668
"source","thepostmillennial",-0.0325604759658293,-0.0996756852119619,0.000292268079129692
"source","therealnews",-0.0328050513494208,-0.100228891464337,-0.00021888150441143
"source","therightscoop",-0.0325253890228671,-0.0998227504859229,0.000311546710512954
"source","theroot",-0.0325880310947427,-0.0999917665827915,0.000367069939808405
"source","theseattletimes",-0.0323536167844055,-0.10020398577241,0.00046821131191168
"source","thestream",-0.0325373713960782,-0.0998424056366563,0.000387280276727897
"source","thetelegraph",-0.0324161006806613,-0.0993562006743377,0.000202020074364649
"source","thetennesseestar",-0.0327995421034726,-0.100696192743807,0.000461261772382506
"source","thetorontostar",-0.0338759425570122,-0.0998968987774331,0.000543087512499641
"source","theweekuk",-0.0331108776114499,-0.0997316706926186,0.000509358254373687
"source","thinkprogress",-0.0326083861153934,-0.099860881249895,0.000350470888600567
"source","thoughtcrimeradio",-0.0327419632446857,-0.100220538070507,0.000616082042429653
"source","townhall",-0.0324803178735106,-0.0998217664426605,0.000327828076255457
"source","trendingpolitics",-0.0321656553233498,-0.0996031275787291,0.000144134633587426
"source","truepundit",-0.032807322336041,-0.0998020905393107,6.15251358294976e-05
"source","truthout",-0.0325310385217079,-0.0994709575194095,0.000292186270477743
"source","upi",-0.0332739650811592,-0.099666302575838,0.000727530281884064
"source","usapoliticsnow",-0.032409339526251,-0.0999554763273841,0.000265346399635203
"source","usatoday",-0.0329058470637015,-0.0999654255146209,0.000432359363846854
"source","usnews",-0.0329598562244187,-0.0999842119011511,0.000289174279135088
"source","vdare",-0.032433861235005,-0.0998985408465332,0.000231996098462204
"source","vox",-0.0321834127240654,-0.0997819891446918,0.000400086760418636
"source","warroom",-0.0309019625268706,-0.100120189013247,0.000397215941633823
"source","washingtonexaminer",-0.0325187301451369,-0.0994347253587675,0.000330595310994008
"source","washingtonmonthly",-0.0324337580047047,-0.100159604195257,3.48402579390512e-05
"source","washingtonpost",-0.0323735877529887,-0.0998611339234898,0.000398397744742393
"source","washingtontimes",-0.0324119140269888,-0.0994824124262581,0.000295407160633861
"source","wearechange",-0.0323201607599589,-0.100609252305499,0.00047088742267809
"source","welovetrump",-0.0326701292522833,-0.100678169513824,0.000345230294766022
"source","westernjournal",-0.0327124074425716,-0.100013189025896,0.000393221077703977
"source","wnd",-0.0328481071714198,-0.0996230849933527,2.32797171311128e-05
"source","worldnewspolitics",-0.0318407736333153,-0.0997773313202187,0.000591858107267327
"source","x22report",-0.0321842255711812,-0.100032342168458,0.00049154279137228
"source","youngconservatives",-0.0326790196809994,-0.100543724567873,0.000436943602551064
"source","zerohedge",-0.0325426188233558,-0.0996985499943991,9.39653072470917e-05
"topic_cluster_model","22",-0.0349943274623342,-0.100427196034706,0.00168010031567262
"topic_cluster_model","0",-0.0332982931214997,-0.103598193691687,-0.000183591161182289
"topic_cluster_model","27",-0.0329987244025588,-0.0874791457124896,0.000672561127605879
"topic_cluster_model","9",-0.0318291310724319,-0.0806795080421366,0.00229639546992258
"topic_cluster_model","21",-0.037336426819118,-0.109111160593455,-0.00628177211322652
"topic_cluster_model","19",-0.0308733668641173,-0.106759562345265,0.00134549178642836
"topic_cluster_model","29",-0.0333002735193253,-0.0979659538840778,0.000685675687720007
"topic_cluster_model","31",-0.0327175349727773,-0.110313024122453,0.000527151474172629
"topic_cluster_model","16",-0.0318723553611716,-0.10006640975158,0.000755802713335631
"topic_cluster_model","25",-0.0318294129284527,-0.0983800597375096,0.000527145624986097
"topic_cluster_model","20",-0.0299247094322273,-0.10306827503367,0.000182851867849573
"topic_cluster_model","8",-0.0318572971179274,-0.10104148330231,-0.000178860254075644
"topic_cluster_model","11",-0.0332606350751048,-0.0989082551483036,-0.000687906928636295
"topic_cluster_model","5",-0.035100331871824,-0.0915884686131728,0.0023681220325909
"topic_cluster_model","15",-0.0327324798141454,-0.0903214383674953,0.000598314629368699
"topic_cluster_model","32",-0.0324087585600618,-0.0981922505288972,0.000288117215974701
"topic_cluster_model","-1",-0.0322826372012405,-0.0968763835191446,0.0001860967408891
"topic_cluster_model","13",-0.0315510119856126,-0.106249447258194,-0.000205725535121106
"topic_cluster_model","28",-0.03052962121899,-0.0956618547976508,0.00235423016178388
"topic_cluster_model","17",-0.0319447354019957,-0.0949225528830104,0.000777960858506306
"topic_cluster_model","12",-0.0313863378003828,-0.10652340509487,-0.000715230635654278
"topic_cluster_model","6",-0.0330575287191016,-0.0980432181703457,0.00055545912403828
"topic_cluster_model","3",-0.0326621991690295,-0.100204381369361,0.000577954423172483
"topic_cluster_model","1",-0.032360111381123,-0.111075188838595,-0.000166292944483776
"topic_cluster_model","24",-0.0323815098638113,-0.134541568518396,0.000726940894570117
"topic_cluster_model","30",-0.0321949449973734,-0.0986634225958711,0.000441594499954824
"topic_cluster_model","18",-0.0318028389418462,-0.102428918923682,8.98259434846088e-05
"topic_cluster_model","2",-0.0322393897052313,-0.10201388121172,0.000527026233895083
"topic_cluster_model","7",-0.0321047302315428,-0.0995466165137068,0.000235257792125387
"topic_cluster_model","4",-0.0323177161546676,-0.101221079668134,0.000213604505098406
"topic_cluster_model","23",-0.0325893143601263,-0.0732802777113872,0.000593849584478516
"topic_cluster_model","10",-0.0321768673550281,-0.0983459152625043,0.000209677648559837
