"spec","term","estimate","se","df","p","n","outlets","clusters"
"1 primary (M3)","fact_c",-0.0325028363836501,0.0118937047104835,207.701576455077,0.00682159951355449,57210,211,32
"1 primary (M3)","part_z",-0.0999267201962966,0.046974476399532,29.91542625193,0.0417583602516653,57210,211,32
"1 primary (M3)","fact_c:part_z",0.000354437561434832,0.00328031993230847,57184.3051107936,0.913956652727746,57210,211,32
"2 + bias extremity","fact_c",-0.0599141216047193,0.0170198988059773,204.665864440042,0.000531376740107401,57210,211,32
"2 + bias extremity","part_z",-0.0999403179424624,0.0469704261938698,29.9147956912032,0.0417161498749189,57210,211,32
"2 + bias extremity","fact_c:part_z",0.000415007832070935,0.00328029020344997,57182.6028264193,0.89932425842036,57210,211,32
"3 common support (ext 2)","fact_c",-0.0242578768722645,0.0267299297210302,86.9268318824844,0.366642236952785,24915,89,32
"3 common support (ext 2)","part_z",-0.0870068147799297,0.0433385460048165,29.6529433202849,0.0538735968961484,24915,89,32
"3 common support (ext 2)","fact_c:part_z",-0.00521379929625593,0.00586088106146034,24867.3076957404,0.373693023254797,24915,89,32
"4 weighted by matched words","fact_c",-0.029773845685592,0.0115299657924242,209.212724265392,0.0104967448247403,57210,211,32
"4 weighted by matched words","part_z",-0.0897999003366268,0.0460529196761483,29.8324767009575,0.0606378969728162,57210,211,32
"4 weighted by matched words","fact_c:part_z",0.00284458406091728,0.0028992583441316,57176.0756495746,0.326526884490451,57210,211,32
"5 + article length","fact_c",-0.0271895090073635,0.0117024795819895,208.663163821908,0.0211207399619175,57210,211,32
"5 + article length","part_z",-0.098981571661203,0.046957188523638,29.917197255804,0.0435249403011623,57210,211,32
"5 + article length","fact_c:part_z",0.000429680431758965,0.00327801129302046,57179.5432001778,0.895712794429343,57210,211,32
"6 without outlier outlets","fact_c",-0.0306442835868123,0.0107233094185984,204.296210562649,0.00470861603134945,56019,206,32
"6 without outlier outlets","part_z",-0.101229343201227,0.047023031027981,29.9167860041846,0.0395257647341684,56019,206,32
"6 without outlier outlets","fact_c:part_z",0.00067338834915636,0.0033209896318917,55936.3042326852,0.839317596870961,56019,206,32
"7 US outlets only","fact_c",-0.0248361322120653,0.012727631551931,172.475565347659,0.0526346557989611,47117,173,32
"7 US outlets only","part_z",-0.101771720778542,0.0480101866735437,29.7352254570943,0.0424842836814304,47117,173,32
"7 US outlets only","fact_c:part_z",0.00590198414156192,0.00365895770346887,47083.6175400698,0.10674614094379,47117,173,32
"8 unfiltered sample","fact_c",-0.0456013987756324,0.0123969230978684,210.500832616859,0.000298003030748636,57376,211,32
"8 unfiltered sample","part_z",-0.0798440005047872,0.0547032299529482,29.9656964860136,0.154809013218953,57376,211,32
"8 unfiltered sample","fact_c:part_z",0.00430832048254241,0.00331800477517182,57350.6691991628,0.194132049775777,57376,211,32
"9 + year","fact_c",-0.033151525074591,0.0119926823563147,208.097941818519,0.00621627552482614,57210,211,32
"9 + year","part_z",-0.100393079260954,0.0467742087534814,29.918902542261,0.0400773838703092,57210,211,32
"9 + year","fact_c:part_z",0.000822734882379203,0.00328010285088355,57180.8592213168,0.801949586195059,57210,211,32
"10 all-words arousal","fact_c",-0.0466428671058316,0.0108315556936253,207.14821003273,2.56282923869918e-05,57210,211,32
"10 all-words arousal","part_z",-0.0990459072264564,0.0440244577170848,29.8579587808394,0.0319908189456132,57210,211,32
"10 all-words arousal","fact_c:part_z",-0.000198804243027386,0.00331108158650303,57148.5973779696,0.952122325863991,57210,211,32
