"Estimate","Std. Error","df","t value","Pr(>|t|)","term","model"
-0.0278081631271743,0.0511790106655366,37.3697324938797,-0.543350931672073,0.59011494917078,"(Intercept)","M0 null"
-0.0815334366557949,0.0552639036833623,51.4203486200924,-1.4753470388727,0.146216630657399,"(Intercept)","M1 + year"
0.0239705633516769,0.0242615169764065,40439.4187006046,0.988007607891436,0.323154833577928,"year2018","M1 + year"
0.0324518401673904,0.0245150895741536,33620.8769487446,1.32374960610401,0.185595218012874,"year2019","M1 + year"
0.0440134581088869,0.0242183688802225,27989.9411791751,1.81735848217382,0.0691729281305228,"year2020","M1 + year"
0.0453790265754795,0.0242011773878342,27147.8678633125,1.87507516052881,0.0607931103363123,"year2021","M1 + year"
0.106207970237768,0.0243391969148515,27750.8621429054,4.36365959852033,1.28366035753024e-05,"year2022","M1 + year"
-0.082850083132504,0.0529301628344118,52.1823457234863,-1.56527164655991,0.123564038183795,"(Intercept)","M2 + main effects"
0.0257684944542746,0.0242566453817321,40250.7112678776,1.062327211729,0.288093538684262,"year2018","M2 + main effects"
0.0343356896841752,0.0245061725052686,33290.3093106477,1.40110372914389,0.161192378316673,"year2019","M2 + main effects"
0.0452753368772553,0.0242003146314253,27366.6428541183,1.8708573655676,0.0613755169838209,"year2020","M2 + main effects"
0.0464799027877551,0.0241806953215296,26450.2437526276,1.92219049823481,0.0545925207858152,"year2021","M2 + main effects"
0.107618742489725,0.0243217124848259,27159.1337989899,4.42480119592184,9.69064744447278e-06,"year2022","M2 + main effects"
-0.0332073497155157,0.0119909165875235,207.952633267844,-2.76937542456661,0.00612428525867375,"fact_c","M2 + main effects"
-0.100411299477313,0.0467707190852145,29.9187646116861,-2.14688380767394,0.0400299226225725,"part_z","M2 + main effects"
-0.0828744210801314,0.0529332547566899,52.1781139164859,-1.56564000194334,0.123478203877053,"(Intercept)","M3 + interaction"
0.0257453497302364,0.0242569832854989,40247.6466922342,1.06135826649257,0.288533484039622,"year2018","M3 + interaction"
0.0343630932804383,0.0245065793467553,33289.7772484388,1.40219868281976,0.16086524934801,"year2019","M3 + interaction"
0.0452943100706186,0.0242005841709275,27365.3183059232,1.87162052579835,0.0612697812258696,"year2020","M3 + interaction"
0.0464978347452564,0.0241809518267628,26449.1871219074,1.92291168182196,0.0545018671390971,"year2021","M3 + interaction"
0.107686657142635,0.0243233917350798,27162.0448809891,4.42728786821811,9.57971389442261e-06,"year2022","M3 + interaction"
-0.0331515246272727,0.0119926803263936,208.098038621071,-2.76431320814185,0.00621626737360418,"fact_c","M3 + interaction"
-0.100393083923781,0.0467743608549098,29.9186039686838,-2.14632722048713,0.0400780627422763,"part_z","M3 + interaction"
0.000822735101496425,0.00328010284674975,57180.8592621724,0.250826007578291,0.801949534301233,"fact_c:part_z","M3 + interaction"
-0.0812797847366648,0.0529348611019727,52.1141648041117,-1.53546798923471,0.130718385178929,"(Intercept)","M4 + random slope"
0.0237420244847323,0.0242066925027483,38289.8125695825,0.980804150837074,0.326695527922375,"year2018","M4 + random slope"
0.0319874208664943,0.0244522967935273,31529.2621675771,1.30815608597396,0.190829910078971,"year2019","M4 + random slope"
0.0412673971630181,0.0241365481779053,25611.1894070945,1.70974726207099,0.0873247320611625,"year2020","M4 + random slope"
0.0435257713652202,0.0241135285524861,24712.245978613,1.80503534646457,0.0710813179031256,"year2021","M4 + random slope"
0.105160821395337,0.0242409173685353,24639.70585234,4.3381535358821,1.44255813341134e-05,"year2022","M4 + random slope"
-0.033122865132671,0.0120250472143947,206.954569154149,-2.75448940383544,0.00640201650254516,"fact_c","M4 + random slope"
-0.101959523030788,0.0468811821660919,30.150999809091,-2.17484965864476,0.0376151427177773,"part_z","M4 + random slope"
0.00127601216586416,0.00394729470467006,197.859829692967,0.323262452219365,0.746837878333221,"fact_c:part_z","M4 + random slope"
0.139580604096063,0.0886545847106724,221.440511055936,1.57443187570715,0.116815241808089,"(Intercept)","M5 + bias controls"
0.0221422992425869,0.024200670292277,37925.5064994129,0.914945700890481,0.360225953553745,"year2018","M5 + bias controls"
0.0302271181439638,0.0244482216984104,31245.9196646731,1.23637287475715,0.216329287584453,"year2019","M5 + bias controls"
0.0395515669034063,0.024140266811669,25609.3475874716,1.63840636940631,0.101349235940872,"year2020","M5 + bias controls"
0.0419740475725763,0.0241173288102125,24704.9534610198,1.74041030426232,0.0817994484340813,"year2021","M5 + bias controls"
0.104032547257158,0.024234126031178,24276.1665477193,4.29281200911958,1.77108067166375e-05,"year2022","M5 + bias controls"
-0.0771516743288828,0.0190935492383959,209.263735350693,-4.0407193741505,7.48358317212068e-05,"fact_c","M5 + bias controls"
-0.102112976144608,0.0469049270084559,30.1487355160431,-2.17702025474209,0.0374386313995827,"part_z","M5 + bias controls"
-0.0481481097992303,0.0294962083956248,206.174976359802,-1.63234911936587,0.104132299668022,"bias_ext","M5 + bias controls"
-0.0951058123516754,0.0808920584638647,213.075172937986,-1.1757125997005,0.241021742325161,"bias_sideleft","M5 + bias controls"
-0.169847317825866,0.0863455454716847,213.423437704529,-1.96706520177771,0.0504714002409049,"bias_sideright","M5 + bias controls"
0.00134693977377915,0.00394262072979488,198.048903626971,0.341635644433195,0.732987324150121,"fact_c:part_z","M5 + bias controls"
-0.144007443753207,0.0609480186489717,118.616314066123,-2.3627912267766,0.019765069509641,"(Intercept)","M6 common support"
0.0799041077175839,0.037553656721833,23021.2746379929,2.12773174951906,0.033369926241814,"year2018","M6 common support"
0.0691852272168492,0.0390036576062575,21196.9486362199,1.77381382831516,0.076108303363427,"year2019","M6 common support"
0.0930852331575299,0.0381168014119036,18222.7821516566,2.44210504841731,0.0146113353056419,"year2020","M6 common support"
0.0820081431303872,0.0379778534497977,17860.9892310665,2.15936751767164,0.0308349346137879,"year2021","M6 common support"
0.157426076130046,0.0383142203449459,17785.2673870371,4.10881585773446,3.99474177102341e-05,"year2022","M6 common support"
-0.0252524807781396,0.0272378220633554,86.7303812305528,-0.927110865156626,0.356441793559506,"fact_c","M6 common support"
-0.0870698000499472,0.0430515014755208,29.6492719329973,-2.02245675680917,0.0522311972281056,"part_z","M6 common support"
-0.00465815102450504,0.00585913898845694,24868.0304577926,-0.795023131160063,0.426607634464146,"fact_c:part_z","M6 common support"
