"grp","var1","vcov","share","model"
"source","(Intercept)",0.0493908720206016,0.0495471148375863,"M0 null"
"cluster","(Intercept)",0.0751679394571273,0.0754057253095985,"M0 null"
"Residual",NA,0.872287769448389,0.875047159852815,"M0 null"
"source","(Intercept)",0.0502590392243154,0.050431744039119,"M1 + year"
"cluster","(Intercept)",0.0746988129109459,0.0749554999636421,"M1 + year"
"Residual",NA,0.871617621941748,0.874612755997239,"M1 + year"
"source","(Intercept)",0.0486123759688383,0.0492468993973959,"M2 + main effects"
"cluster","(Intercept)",0.0668868720145209,0.0677599272090121,"M2 + main effects"
"Residual",NA,0.87161621641497,0.882993173393592,"M2 + main effects"
"source","(Intercept)",0.0486097025267908,0.0492430869267607,"M3 + interaction"
"cluster","(Intercept)",0.0668972496029875,0.0677689207323485,"M3 + interaction"
"Residual",NA,0.871630645460072,0.882987992340891,"M3 + interaction"
"source","(Intercept)",0.04884392913054,0.0494565460603471,"M4 + random slope"
"source","part_z",0.00164814977924923,0.00166882142617852,"M4 + random slope"
"cluster","(Intercept)",0.066944397249077,0.0677840363166244,"M4 + random slope"
"Residual",NA,0.870176550253055,0.88109059619685,"M4 + random slope"
"source","(Intercept)",0.0468520568846672,0.047532855445119,"M5 + bias controls"
"source","part_z",0.00163527648282192,0.00165903838250086,"M5 + bias controls"
"cluster","(Intercept)",0.0670162059221753,0.0679900059974008,"M5 + bias controls"
"Residual",NA,0.870173766353422,0.882818100174979,"M5 + bias controls"
"source","(Intercept)",0.0653487442511535,0.0675968158424716,"M6 common support"
"cluster","(Intercept)",0.0554898045667417,0.0573987173497457,"M6 common support"
"Residual",NA,0.84590438776425,0.875004466807783,"M6 common support"
